q,trait,reverse
אני נהנה לארגן פגישות ואירועים עבור קבוצות גדולות.,Extraversion,FALSE
אני מעדיף לוותר על הצדק שלי בשביל השקט התעשייתי.,Agreeableness,FALSE
אני משתדל להיות סבלני גם במצבים מתסכלים,Agreeableness,False
אני אוהב לנסות מאכלים חדשים,Openness,False
אני נוטה לסיים את המטלות שלי הרבה לפני הדד-ליין.,Conscientiousness,FALSE
אני מוכן להתפשר על עקרונותיי אם זה יעזור לי להתקדם בקריירה.,Honesty-Humility,TRUE
כשאני בלחץ, קל לי מאוד להתרגז על האנשים הקרובים אליי.,Agreeableness,TRUE
אני לעולם לא אקח משהו שלא שייך לי גם אם הוא נראה נטוש.,Honesty-Humility,FALSE
אני נהנה לקרוא שירה או ספרות קלאסית בזמני הפנוי.,Openness to Experience,FALSE
אני תמיד מחזיר עודף שקיבלתי בטעות, גם אם הוא קטן.,Honesty-Humility,FALSE
אני נוטה להחמיא לקולגות שלי על הצלחות מקצועיות.,Agreeableness,FALSE
אני תמיד מקשיב לכל הצדדים בוויכוח לפני שאני מגבש דעה.,Agreeableness,FALSE
אם אגלה שעשיתי טעות שפגעה במישהו, לא אנוח עד שאתקן אותה.,Honesty-Humility,FALSE
אני נוטה להיבהל בקלות מרעשים פתאומיים או מצבים לא צפויים.,Emotionality,FALSE
אני נהנה להיות בחברת אנשים שמאתגרים אותי חברתית.,Extraversion,FALSE
אני תמיד מוכן ללמוד מאנשים שצעירים ממני או פחות מנוסים ממני.,Honesty-Humility,FALSE
אני מרגיש משיכה למוזיקה קלאסית,Openness,False
אני תמיד מוודא שסביבת הטיפול שלי נקייה ומאורגנת בצורה מופתית.,Conscientiousness,FALSE
אני נוטה להיות קפדן עם פרטים קטנים,Conscientiousness,False
אני מרגיש צורך להגן על אנשים קרובים לי,Emotionality,False
אני נוטה להרגיש חוסר ביטחון כשאני צריך לבצע משימה חדשה.,Emotionality,FALSE
אני משתדל לעבוד בצורה יעילה ומדויקת,Conscientiousness,False
אני נוטה להיות סלחן וותרן בשיפוט של אנשים אחרים.,Agreeableness,FALSE
אני מרגיש מלא ביטחון כשאני צריך ללמוד מיומנות טכנית חדשה.,Openness to Experience,FALSE
אני משתדל לעבוד בצורה מסודרת ומאורגנת,Conscientiousness,False
אני מוצא את זה קשה להסתיר את חוסר שביעות הרצון שלי מעבודה גרועה של אחרים.,Agreeableness,TRUE
אני נוטה לסלוח מהר גם לאנשים שהפגינו כלפיי חוסר מקצועיות.,Agreeableness,FALSE
אני תמיד מדבר ברוגע, גם כשאני מאוד כועס.,Agreeableness,FALSE
אני נוטה להגיב בכעס כשמישהו מעכב אותי בביצוע העבודה שלי.,Agreeableness,TRUE
אני מרגיש אנרגיה כשאני נמצא באירועים ציבוריים,Extraversion,False
אני נוטה לדאוג לגבי הבריאות של המטופלים שלי גם לאחר שעות העבודה.,Emotionality,FALSE
אני מעדיף לעבוד בשיתוף פעולה מלא מאשר לנסות להוכיח שאני טוב יותר.,Agreeableness,FALSE
אני מרגיש סיפוק רב כשאני מצליח להתאפק ולא להגיב לאנשים מעצבנים.,Agreeableness,FALSE
אני נוטה להגיב בכעס כשמישהו משבש לי את תוכנית העבודה.,Agreeableness,TRUE
אני תמיד מוודא שסביבת העבודה שלי נקייה ומאורגנת היטב.,Conscientiousness,FALSE
אני מוכן להקשיב לבעיות של אחרים במשך זמן רב.,Agreeableness,FALSE
אני מרגיש שמח כשאני משתף אחרים ברעיונותיי,Extraversion,False
אני נוטה להרגיש חרדה במצבים לא מוכרים,Emotionality,True
כשאני עושה טעות, אני מודה בה מיד ולא מנסה להסתיר אותה.,Honesty-Humility,FALSE
אני מקפיד לבדוק את תוקף הרישיון והביטוח שלי חודש מראש.,Conscientiousness,FALSE
אני לעולם לא אשתמש במידע אישי שגיליתי על מטופל לצרכים חברתיים.,Honesty-Humility,FALSE
אני תמיד דואג שהציוד שלי יהיה במצב תקין ומוכן לשימוש.,Conscientiousness,FALSE
אני תמיד משתף את החוויות שלי ברשתות החברתיות.,Extraversion,FALSE
אני מקפיד על תזונה מסודרת ושעות שינה קבועות.,Conscientiousness,FALSE
אני יכול להתמודד עם מצבים קשים ללא צורך בתמיכה רגשית מאף אחד אחר.,Emotionality,TRUE
אני מרגיש משיכה לספרות קלאסית,Openness,False
אני לעולם לא אפיץ שמועה על מישהו כדי לפגוע בו.,Honesty-Humility,FALSE
אני חושב שזה חשוב להבין את המורכבות של הכלכלה העולמית.,Openness to Experience,FALSE
אני נוטה להרגיש לחוץ כשאני צריך ללמוד תוכנת מחשב חדשה ומסובכת.,Openness to Experience,TRUE
אני אקבל הרבה הנאה מבעלות על מוצרי יוקרה יקרי ערך.,Honesty-Humility,TRUE
אני מוצא את זה משעמם לעסוק בפרטים טכניים קטנים.,Conscientiousness,TRUE
אני משתדל לתכנן את זמני בצורה יעילה,Conscientiousness,False
אני עושה מה שהבוס שלי אומר גם אם אני לא מסכים שזה הדבר הנכון לעשות.,Agreeableness,FALSE
אני מקפיד לרשום כל הוצאה כספית קטנה שלי.,Conscientiousness,FALSE
אני מרגיש בנוח לבקש עזרה מאחרים כשאני לא מסתדר לבד.,Emotionality,FALSE
אני מרגיש בטוח בעצמי כשאני מדבר מול קהל,Extraversion,False
אני תמיד בודק שהחשבון שקיבלתי במסעדה הוא מדויק.,Conscientiousness,FALSE
לעיתים קרובות כשאני מנסה להשיג מטרה אני דוחף את עצמי קשה מאוד,Conscientiousness,FALSE
אני מרגיש חרדה כשאני צריך לדבר מול קהל,Emotionality,True
אני מאמין שכוח פוליטי חשוב יותר מאשר ערכים מוסריים.,Honesty-Humility,TRUE
אני מרגיש מלא מרץ כשאני צריך לעבוד תחת לחץ זמן כבד.,Extraversion,FALSE
אני נוטה להגיב בכעס כשמישהו מזלזל בעבודה שלי.,Agreeableness,TRUE
אני נוטה לדאוג לגבי דברים שאינם בשליטתי,Emotionality,True
אני מרגיש עצב כשאני נזכר באירועים קשים,Emotionality,False
אני תמיד משתדל לסיים משימות בזמן,Conscientiousness,False
אני נהנה לנסות גישות חדשות לפתרון בעיות ישנות.,Openness to Experience,FALSE
אני מרגיש שאין לי צורך להוכיח לאף אחד שאני חכם יותר ממנו.,Honesty-Humility,FALSE
אני נהנה לחקור תיאוריות מדעיות שטרם הוכחו סופית.,Openness to Experience,FALSE
אני נהנה לספר סיפורים וחוויות מול קבוצה של אנשים.,Extraversion,FALSE
אני נוטה להרגיש חוסר ביטחון כשאני לובש בגדים חדשים.,Emotionality,FALSE
אני נוטה לדאוג למה שאחרים חושבים עליי,Emotionality,True
אני אוהב לנסות דברים לא שגרתיים,Openness,False
אני נוטה להרגיש פחד כשאני צריך לעבור במקומות חשוכים.,Emotionality,FALSE
אני כמעט ולא שומר טינה, גם נגד אנשים שעשו לי עוול קשה.,Agreeableness,FALSE
אני נהנה ללמוד על תגליות חדשות בתחום הרפואה והביולוגיה.,Openness to Experience,FALSE
אני אוהב להיות במרכז העניינים באירועים חברתיים.,Extraversion,FALSE
אני מרגיש אשמה אם אני לא אומר את כל האמת,Honesty-Humility,False
אני אוהב לפגוש אנשים ממגוון תרבויות,Extraversion,False
אני מרגיש משיכה לחוויות תרבותיות,Openness,False
אני נוטה להרגיש חרדה לפני אירועים חשובים,Emotionality,True
אני אוהב לדבר עם חבריי על מקרים תיאורטיים.,Openness to Experience,FALSE
אני נוטה לתכנן את זמני המנוחה שלי בדיוק כמו את זמני העבודה.,Conscientiousness,FALSE
אני תמיד בודק שכל הנתונים שבידי מדויקים לפני שאני מציג אותם.,Conscientiousness,FALSE
אני מרגיש צורך עז להיות חלק מקהילה תומכת.,Emotionality,FALSE
אני מרגיש חמלה רבה כלפי דרי רחוב.,Emotionality,FALSE
אני נוטה להזדהות עם אנשים שחווים קשיים,Emotionality,False
אני תמיד מוודא שהסביבה הסטרילית נשמרת בקפדנות יתרה.,Conscientiousness,FALSE
אני חושב שכל האנשים שווים, ללא קשר לתפקידם או עושרם.,Honesty-Humility,FALSE
אני נהנה ללמוד על הדרכים שבהן המוח מעבד מידע חזותי.,Openness to Experience,FALSE
אני נוטה להשתעמם מהר אם אין לי אתגרים חדשים.,Openness to Experience,FALSE
אני עובד טוב תחת לחץ.,Extraversion,FALSE
אני לעולם לא אנסה להרשים אחרים על ידי המצאת סיפורים שלא קרו.,Honesty-Humility,FALSE
אני מרגיש בטוח בעצמי כשאני מדבר עם זרים,Extraversion,False
אני אוהב לפגוש אנשים חדשים במסגרות שונות,Extraversion,False
אני מקפיד לבדוק את העבודה שלי פעמיים גם כשיש לחץ זמן.,Conscientiousness,FALSE
אני מרגיש רגוע ושלו גם כשאני נמצא תחת עומס עבודה כבד.,Emotionality,TRUE
אני מוצא את זה משעמם לנהל שיחות חולין עם זרים.,Extraversion,TRUE
אני נוטה לקחת ללב כישלונות מקצועיים, גם אם הם קטנים.,Emotionality,FALSE
אני מוצא את עצמי נלחץ מאוד כשאני צריך לקבל החלטה גורלית תחת לחץ.,Emotionality,FALSE
אני נהנה לחקור את ההיסטוריה של האדריכלות בעולם.,Openness to Experience,FALSE
אני מוכן לקבל ביקורת בונה מאחרים,Agreeableness,False
אני תמיד מכין לעצמי סדר יום כתוב בבוקר.,Conscientiousness,FALSE
אני לעולם לא אעמיד פנים שאני חבר של מישהו רק כדי לקבל ממנו טובה.,Honesty-Humility,FALSE
אני נהנה לחשוב על רעיונות פילוסופיים מופשטים.,Openness to Experience,FALSE
אני נוטה להרגיש חרדה כשאני צריך לעבור בדיקה רפואית בעצמי.,Emotionality,FALSE
אני נוטה להישאר רגוע גם כשמישהו מתנהג אליי בחוסר סבלנות.,Agreeableness,FALSE
אני מרגיש צורך עז להגן על חלשים בחברה.,Emotionality,FALSE
אני מאמין שכללים נועדו עבור אנשים שאין להם שיקול דעת עצמאי.,Honesty-Humility,TRUE
כאשר אני עובד על משהו, אני לא מקדיש תשומת לב רבה מידי לפרטים קטנים.,Conscientiousness,TRUE
אני מעדיף לעבוד בסביבה שבה הכללים ברורים וקבועים מראש.,Conscientiousness,FALSE
כשיש דיון אני אוהב להוביל אותו.,Extraversion,FALSE
אני נוטה לדאוג לגבי המצב הכלכלי שלי גם כשיש לי מספיק כסף.,Emotionality,FALSE
אני נהנה להוביל פעילויות קבוצתיות,Extraversion,False
אני תמיד משתדל להיות גלוי לב לגבי חוסר הידע שלי בנושא מסוים.,Honesty-Humility,FALSE
אנשים לפעמים אומרים לי שאני ביקורתי מדי כלפי אחרים.,Agreeableness,TRUE
אני תמיד האדם שמציע לפתוח קבוצת וואטסאפ לתיאום.,Extraversion,FALSE
אני מרגיש בנוח לדבר על ההצלחות שלי מבלי להרגיש מובך.,Extraversion,FALSE
אני תמיד משתדל להגיע בזמן לפגישות,Conscientiousness,False
אני נוטה להרגיש סקרנות לגבי האופן שבו המוח האנושי פועל.,Openness to Experience,FALSE
אני נהנה לפתור בעיות לוגיות מורכבות בזמני הפנוי.,Openness to Experience,FALSE
אני נוטה להימנע מוויכוחים מיותרים,Agreeableness,False
אני מרגיש סיפוק רב כשאני מצליח לעזור למישהו לפתור בעיה אישית.,Emotionality,FALSE
אני מוצא את זה קל להתחבר לאנשים מרקע תרבותי שונה משלי.,Extraversion,FALSE
לא הייתי משתמש בחנופה כדי לקבל העלאה במשכורת או קידום.,Honesty-Humility,FALSE
אני מרגיש נוח לעבוד עם אנשים שונים ממני,Agreeableness,False
אני משתדל להקשיב לדעות של אחרים גם אם אני לא מסכים,Agreeableness,False
אני חושב שחשוב להשקיע זמן בלימוד אמנויות לחימה או הגנה עצמית.,Openness to Experience,FALSE
אני תמיד מחפש את הדרך המדויקת ביותר לבצע משימה, גם אם זה לוקח יותר זמן.,Conscientiousness,FALSE
אני מרגיש לעיתים קרובות צורך להגן על עצמי,Emotionality,True
אני מרגיש משיכה לשירה וספרות,Openness,False
אני נהנה לחקור את הקשר שבין דת למדע לאורך ההיסטוריה.,Openness to Experience,FALSE
אני מרגיש לא בנוח כשאני לא עומד ביעדים,Conscientiousness,True
אני נוטה להתווכח על דברים קטנים רק כדי להוכיח שאני צודק.,Agreeableness,TRUE
אני נוטה להסתיר את הרגשות שלי כדי לא להיראות חלש.,Emotionality,TRUE
אני מרגיש צורך לסיים משימות לפני שאני עובר הלאה,Conscientiousness,False
המדינה צריכה יותר לדאוג לאנשים משכבות חלשות.,Agreeableness,FALSE
אני מרגיש משיכה לאמנות ומוזיקה,Openness,False
אני נהנה לדון בנושאים מורכבים,Openness,False
אני חושב שזה מרתק ללמוד על החלל החיצון והגלקסיות.,Openness to Experience,FALSE
אני לעולם לא אבקש יחס מועדף בגלל התואר או התפקיד שלי.,Honesty-Humility,FALSE
אני מעדיף לבלות את זמני הפנוי עם חברים מאשר לבד בבית.,Extraversion,FALSE
אני נוטה לשכוח פרטים קטנים כשאני עובד על פרויקט גדול.,Conscientiousness,TRUE
אני נוטה להרגיש חסר ביטחון כשאני צריך לדבר בשפה שאינני שולט בה היטב.,Emotionality,FALSE
אני אוהב לפגוש אנשים חדשים באירועים,Extraversion,False
אני מרגיש נוח לעבוד עם אנשים שונים ממני,Agreeableness,False
אני נוטה להיות מסודר בסביבת העבודה שלי,Conscientiousness,False
אני תמיד מוודא שאנשים סביבי מרגישים בנוח ובטוח.,Agreeableness,FALSE
אני מרגיש אי נוחות כשאני צריך להשתמש בהשפעה שלי,Honesty-Humility,False
אני נוטה להישאר רגוע ונינוח גם כשמטופל מדבר אליי בחוסר סבלנות.,Agreeableness,FALSE
אני מרגיש אשמה אם אני לא משתף את האמת עם אחרים,Honesty-Humility,False
אני נהנה להיות במרכז האירועים,Extraversion,False
אני מרגיש נוח כשאני צריך להוביל שיחה,Extraversion,False
אני תמיד מוכן לוותר על הנוחות שלי למען השלווה בקבוצה.,Agreeableness,FALSE
אני לעולם לא אטען למומחיות בתחום שאינני שולט בו ב-100%.,Honesty-Humility,FALSE
אני מרגיש נוח לקבל דעות מנוגדות,Agreeableness,False
אני לא מנסה להשיג יתרונות על ידי הטעיית אנשים,Honesty-Humility,False
אני מעדיף לעבוד לפי פרוטוקולים נוקשים מאשר לאלתר פתרונות בשטח.,Conscientiousness,FALSE
אני מרגיש משיכה ליצירתיות ודמיון,Openness,False
אני אוהב להיות פעיל באירועים חברתיים,Extraversion,False
אני נוטה להרגיש חוסר נוחות כשאני נמצא בסיטואציה של חוסר ודאות.,Emotionality,FALSE
אני נהנה ללמוד שפות חדשות או להכיר תרבויות שונות.,Openness to Experience,FALSE
אני מוצא את עצמי מתעצבן מהר כשאנשים מדברים לאט מדי.,Agreeableness,TRUE
אני נהנה להיות במרכז העניינים כשיש מסיבה או חגיגה.,Extraversion,FALSE
אני מאמין שיושרה חשובה יותר מקידום מהיר בעבודה.,Honesty-Humility,FALSE
אני מרגיש צורך לעמוד בסטנדרטים גבוהים,Conscientiousness,False
אני נוטה לעבוד בצורה מבולגנת כשאני נמצא תחת לחץ.,Conscientiousness,TRUE
אני תמיד בודק שהדלת נעולה כמה פעמים לפני שאני הולך לישון.,Conscientiousness,FALSE
אני תמיד מקפיד לבדוק את הוראות היצרן לפני שאני משתמש במכשיר רפואי חדש.,Conscientiousness,FALSE
אני סקרן לגבי פילוסופיה,Openness,False
אני מוצא את זה קשה להישאר אדיב כלפי אנשים שמתנהגים בטיפשות.,Agreeableness,TRUE
אני מרגיש סיפוק כשאני יודע שאנשים רואים בי סמכות מקצועית.,Extraversion,FALSE
אני תמיד משתדל להיות הוגן גם כשאף אחד לא מסתכל,Honesty-Humility,False
אני אוהב ליצור דברים חדשים,Openness,False
אם אדע שלעולם לא יתפסו אותי, הייתי מוכן לגנוב מיליון דולר,Honesty-Humility,TRUE
אני לא משתמש במחמאות כדי לגרום לאנשים לעשות מה שאני רוצה,Honesty-Humility,False
אני תמיד מקפיד לסיים את הדיווחים שלי לפני שאני עוזב את העבודה.,Conscientiousness,FALSE
אני מוצא את זה קשה לסלוח לאנשים שפגעו ברגשותיי בכוונה.,Agreeableness,TRUE
אני נוטה להרגיש חוסר ביטחון כשאני צריך להוביל פרויקט חדשני.,Emotionality,FALSE
אני תמיד מכין תוכנית חלופית (תוכנית ב') למקרה שמשהו ישתבש.,Conscientiousness,FALSE
אני לא מרגיש צורך להראות שאני טוב יותר מאחרים,Honesty-Humility,False
אנשים לפעמים אומרים לי שאני עקשן מדי.,Agreeableness,TRUE
אני סקרן לגבי איך אנשים חושבים,Openness,False
אני אוהב לפגוש אנשים חדשים,Extraversion,False
אני מרגיש בנוח לדבר עם זרים,Extraversion,False
אני מרגיש חמלה רבה כלפי אנשים שנמצאים במצוקה נפשית.,Emotionality,FALSE
הייתי מרגיש מפוחד אם הייתי צריך לנסוע בתנאי מזג אוויר גרועים.,Emotionality,FALSE
אני נוטה להימנע מלהאשים אחרים כשדברים משתבשים,Agreeableness,False
אני מעדיף להיות פשוט מאשר להתנהג כאילו אני חשוב,Honesty-Humility,False
אני נוטה לאבד את הריכוז כשהמשימה הופכת למונוטונית.,Conscientiousness,TRUE
אני חושב שזה מרתק ללמוד על הדרך שבה תרבויות עתיקות חיו.,Openness to Experience,FALSE
אני נהנה להיות במרכז תשומת הלב,Extraversion,False
אני לעולם לא אשתמש בקשרים אישיים כדי לקבל יחס מועדף.,Honesty-Humility,FALSE
אני מוצא את זה קל מאוד לשכוח פגיעות ישנות ולהמשיך הלאה.,Agreeableness,FALSE
אני מקפיד להתעדכן בנהלים החדשים של משרד הבריאות מדי שבוע.,Conscientiousness,FALSE
אני נהנה לארגן אירועים חברתיים עבור החברים שלי.,Extraversion,FALSE
אני אוהב לחשוב על פתרונות יצירתיים,Openness,False
אני בדרך כלל האדם הראשון שמברך אנשים חדשים בחדר.,Extraversion,FALSE
אני מרגיש צורך להיות קרוב לאנשים שאני אוהב,Emotionality,False
אני תמיד מחפש סרטים שגורמים לי לחשוב עליהם ימים רבים אחרי הצפייה.,Openness to Experience,FALSE
אני נוטה לדאוג לגבי איכות הסביבה והשפעתה על הדורות הבאים.,Emotionality,FALSE
אני מעדיף להיות צנוע מאשר להתרברב בהצלחותיי,Honesty-Humility,False
אני מוכן לעזור לאנשים שזקוקים לתמיכה,Agreeableness,False
אני נהנה לנסות פתרונות טכנולוגיים שנועדו להקל על החיים.,Openness to Experience,FALSE
אני מרגיש צורך להשלים משימות בצורה מושלמת,Conscientiousness,False
אני מרגיש נוח לשתף פעולה עם צוות,Agreeableness,False
אני תמיד משתדל לראות את הטוב בכל אדם, גם אם הוא קשה.,Agreeableness,FALSE
אני תמיד מחפש דרכים חדשות לייעל את צורת העבודה שלי.,Openness to Experience,FALSE
אני מוצא עניין רב בהקשבה לסיפורי החיים האישיים של המטופלים שלי.,Agreeableness,FALSE
אני חושב שזה לגיטימי להשתמש בקשרים אישיים כדי לעקוף את התור.,Honesty-Humility,TRUE
אני מרגיש צורך להיות מחובר לאנשים שאני אוהב,Emotionality,False
אני מרגיש בטוח בעצמי במצבים חברתיים,Extraversion,False
אני תמיד מוודא שביצעתי את המטלות שלי בצורה הטובה ביותר.,Conscientiousness,FALSE
אני חושש לנסוע במצבי מזג אוויר קיצוני,Emotionality,FALSE
אני נהנה ללמוד על מבנה המוח האנושי ופעולתו.,Openness to Experience,FALSE
אני תמיד משתדל להחזיר חובות בזמן,Honesty-Humility,False
אני תמיד שומר על קור רוח, גם כשהתוכניות משתבשות ברגע האחרון.,Agreeableness,FALSE
אני אוהב אנשים שיש להם תפיסות ודעות לא שגרתיות.,Openness to Experience,FALSE
אני מרגיש שהחובה המוסרית שלי היא לשים את טובת האחר לפני טובתי.,Honesty-Humility,FALSE
אני מוצא את זה קל מאוד לסלוח לאנשים שפגעו בי בעבר.,Agreeableness,FALSE
אני נהנה לנסות תחביבים חדשים ושונים בכל פעם.,Openness to Experience,FALSE
אני מרגיש מרוקן מאנרגיה אחרי אינטראקציה חברתית ממושכת.,Extraversion,TRUE
אני נוטה לדאוג לבריאותי,Emotionality,True
אני אף פעם לא באמת נהניתי לחפש מידע בתוך אנציקלופדיה.,Openness to Experience,TRUE
אני תמיד מחפש לקרוא מחקרים חדשים כדי לעדכן את שיטות העבודה שלי.,Openness to Experience,FALSE
אני נוטה להרגיש חוסר ביטחון לגבי המראה החיצוני שלי.,Emotionality,FALSE
אני מרגיש צורך עז לשוחח עם מישהו כשאני עובר יום קשה.,Emotionality,FALSE
אני נהנה ללמוד על האופן שבו הבינה המלאכותית משפיעה על הרפואה.,Openness to Experience,FALSE
אני מוצא את זה קל להישאר נחמד גם לאנשים שאני לא מחבב.,Agreeableness,FALSE
אני מרגיש רגש עז כשאני קורא סיפור על גבורה אנושית.,Emotionality,FALSE
אני נוטה לבדוק את לחץ האוויר בגלגלים באופן קבוע.,Conscientiousness,FALSE
אני מרגיש בנוח לשתף אחרים בחוויות האישיות שלי.,Extraversion,FALSE
אני משתדל לתכנן את זמני בצורה יעילה,Conscientiousness,False
אני מרגיש אמפתיה רבה כלפי אנשים שחווים בדידות.,Emotionality,FALSE
אני מרגיש שכל אדם ללא קשר לעושרו ראוי לאותו זמן תשומת לב ממני.,Honesty-Humility,FALSE
אני מעדיף מקומות עבודה רועשים ותוססים על פני משרדים שקטים.,Extraversion,FALSE
אני לעולם לא אשתמש במידע אישי שקיבלתי כדי להתקדם על חשבון אחרים.,Honesty-Humility,FALSE
אני מרגיש לא בנוח כשאני מקבל מחמאות שאיני ראוי להן,Honesty-Humility,False
אני תמיד מחפש הזדמנויות לחוות חוויות רגשיות עוצמתיות.,Emotionality,FALSE
אני מרגיש צורך עז להגן על אנשים שמתייחסים אליהם בחוסר צדק.,Agreeableness,FALSE
אני מקבל החלטות על סמך התחושה של הרגע ולא על בסיס מחשבה זהירה.,Conscientiousness,TRUE
אני מרגיש אנרגטי כשאני נמצא עם אנשים,Extraversion,False
כשאני רואה סרט עצוב, אני לעיתים קרובות מוצא את עצמי דומע.,Emotionality,FALSE
אני לא מרגיש בנוח כשאני צריך לשבח את עצמי,Honesty-Humility,False
אני סקרן לגבי דעות שונות משלי,Openness,False
אני מרגיש סיפוק רב כשאני מצליח לארגן לוח זמנים מורכב בצורה מושלמת.,Conscientiousness,FALSE
לעולם לא אשקר כדי להשיג יתרון על פני אחרים,Honesty-Humility,False
אני מרגיש לא בנוח כשאנשים מחמיאים לי יותר מדי.,Honesty-Humility,FALSE
אני תמיד מתכנן את סדר הפעולות שלי לפני תחילת המשמרת.,Conscientiousness,FALSE
אני מעדיף לעבוד לבד מאשר לשתף פעולה עם קבוצה.,Extraversion,TRUE
אני לא מנסה לנצל את טוב הלב של אחרים,Honesty-Humility,False
אני מעדיף להיות כן גם אם זה עלול לעלות לי ביוקר,Honesty-Humility,False
אני מרגיש בנוח לעזור לאנשים גם אם זה לא נוח לי,Agreeableness,False
אני נוטה להרגיש אשמה כשאני לא עומד בציפיות של עצמי.,Emotionality,FALSE
אני מרגיש סיפוק רב כשאני מצליח לנחם אדם שבוכה.,Emotionality,FALSE
אני נהנה להיות המנהיג בקבוצה,Extraversion,False
אני משתדל להיות הוגן גם כשאני כועס,Agreeableness,False
אני חושב שזה בסדר לקבל מתנות יקרות בתמורה לטובות הנאה קטנות.,Honesty-Humility,TRUE
אני תמיד מקפיד לתעד כל פעולה רפואית מיד לאחר ביצועה.,Conscientiousness,FALSE
אני נהנה לנסות מאכלים חדשים ומשונים שלא טעמתי מעולם.,Openness to Experience,FALSE
אני אוהב יעדים אקזוטיים,Openness to Experience,FALSE
אני מרגיש מחויבות לדווח על טעות שעשיתי, גם אם אף אחד לא הבחין בה.,Honesty-Humility,FALSE
אני מושפע בקלות מהרגשות של אנשים אחרים,Emotionality,False
אני נוטה ליזום שיתופי פעולה עם מחלקות אחרות בבית החולים.,Extraversion,FALSE
אני נוטה לראות את חצי הכוס המלאה בכל סיטואציה קשה.,Extraversion,FALSE
אני מרגיש אי נוחות כשאני צריך לקבל מתנות יקרות,Honesty-Humility,False
אני נוטה להרגיש חרדה לפני מפגשים חברתיים,Emotionality,True
אני נוטה להימנע מוויכוחים חסרי משמעות,Agreeableness,False
המדינה צריכה יותר לדאוג לאנשים משכבות חלשות,Agreeableness,FALSE
אני נהנה לחקור את ההשפעה של טכנולוגיה על יחסים חברתיים.,Openness to Experience,FALSE
אני תמיד מקפיד לסיים את העבודה שלי לפני שאני יוצא להפסקה.,Conscientiousness,FALSE
אני די אשתעמם מביקור בגלריה לאומנות.,Openness to Experience,TRUE
אני נותן אמון במה שאנשים אומרים.,Agreeableness,FALSE
אני מאמין שיושרה פנימית היא המצפן הכי חשוב של רופא במצבי לחץ.,Honesty-Humility,FALSE
אני תמיד מנסה למצוא את הדרך היעילה ביותר לביצוע פעולות יומיומיות.,Conscientiousness,FALSE
אני נהנה לפתור חידות ומשחקי היגיון בזמני הפנוי.,Openness to Experience,FALSE
אני נוטה להיות מאורגן בחיי היומיום,Conscientiousness,False
אני מרגיש גאווה גדולה כשאני עושה עבודה מושלמת ללא שום פגם.,Conscientiousness,FALSE
אני תמיד מקפיד לתת קרדיט מלא לכל מי שעזר לי במחקר או בטיפול.,Honesty-Humility,FALSE
אני חושב שזה בזבוז זמן לדבוק בשיטות עבודה ישנות רק בשל המסורת.,Openness to Experience,FALSE
באופן כללי אני מרגיש מרוצה למדי מעצמי.,Extraversion,FALSE
כשאני נתקל בבעיה מורכבת, אני נהנה לנסות למצוא פתרון יצירתי.,Openness to Experience,FALSE
אני מרגיש אנרגטי כשאני משתתף במסיבות,Extraversion,False
אני תמיד מנסה להכניס אנרגיה חיובית לחדר האוכל של הצוות.,Extraversion,FALSE
אני נוטה לתכנן את המשימות שלי מראש,Conscientiousness,False
אני מרגיש שכל חבר בצוות, מהמנקה ועד המנהל, ראוי לאותו כבוד.,Honesty-Humility,FALSE
אני מקפיד לעבור על כל התיק הרפואי של המטופל לפני הפגישה.,Conscientiousness,FALSE
אני מרגיש רגש עז של הכרת תודה כלפי אנשים שעוזרים לי.,Emotionality,FALSE
אני נוטה להשאיר משימות קשות לרגע האחרון.,Conscientiousness,TRUE
אני תמיד מוודא שכל הכלים בהם השתמשתי חזרו למקומם.,Conscientiousness,FALSE
קל לי מאוד להתאושש מכישלונות ולהמשיך הלאה.,Emotionality,TRUE
אני נוטה להרגיש אשמה גם כשאני לא אשם,Emotionality,True
אני מרגיש בודד מאוד כשאני לא נמצא בקשר רציף עם אנשים.,Extraversion,FALSE
אני חושב שצניעות עוזרת לאדם ללמוד ולהשתפר לאורך זמן.,Honesty-Humility,FALSE
אני משתדל שלא להעביר ביקורת על אנשים ליד אחרים.,Agreeableness,FALSE
אני מרגיש סיפוק רב כשאני מצליח להסביר נושא מורכב למטופל בצורה פשוטה.,Agreeableness,FALSE
אני תמיד מרגיש בטוח ביכולת שלי לשכנע אחרים בצדקת דרכי.,Extraversion,FALSE
אני נהנה לדון ברעיונות מופשטים,Openness,False
אני תמיד משתדל לעמוד בהתחייבויות שלי,Conscientiousness,False
אני נהנה להיות זה שמארגן את היציאות החברתיות של הצוות.,Extraversion,FALSE
אני מוכן לסלוח לאנשים שפגעו בי,Agreeableness,False
אני נוטה להרגיש פחד במצבים לא מוכרים,Emotionality,True
אני נוטה לדחות החלטות חשובות כי אני מפחד לטעות.,Emotionality,FALSE
אני מאמין שכבוד למטופל הוא בסיס הכרחי לכל טיפול מוצלח.,Honesty-Humility,FALSE
אני תמיד פתוח לשינויים מרחיקי לכת בשיטות העבודה המקובלות.,Openness to Experience,FALSE
אני נוטה להיות מאוד ביקורתי כלפי אנשים שעושים טעויות רבות.,Agreeableness,TRUE
אני נהנה לפתור תשבצים או חידות לוגיות קשות.,Openness to Experience,FALSE
אני מרגיש נוח כשאני צריך להתחיל שיחה,Extraversion,False
אני תמיד האדם הראשון שמציע פתרונות בסיעור מוחות קבוצתי.,Extraversion,FALSE
אני נוטה להרגיש אמפתיה כלפי אנשים שאני לא מכיר,Emotionality,False
אני תמיד משתדל לעבוד בצורה יעילה,Conscientiousness,False
אני מובך לקבל מחמאות,Honesty-Humility,FALSE
אני תמיד משתדל להימנע מהטחת ביקורת ישירה מדי באנשים.,Agreeableness,FALSE
אני נוטה להימנע מלהאשים אחרים במצבים קשים,Agreeableness,False
אני מוצא את עצמי בוכה בקלות כשאני צופה בסיפורי הצלחה מרגשים.,Emotionality,FALSE
קשה לי מאוד לשלוח יד ולבקש עזרה כשאני בצרה.,Emotionality,TRUE
אני תמיד משתדל להשלים משימות בזמן,Conscientiousness,False
אני תמיד משתדל להיות כנה, גם כשהאמת אינה נעימה לשמיעה.,Honesty-Humility,FALSE
אני תמיד מקפיד להחזיר כסף שחייבתי, גם אם מדובר בסכום זניח.,Honesty-Humility,FALSE
אני תמיד מוכן להודות בטעות מקצועית מול הקולגות שלי.,Honesty-Humility,FALSE
אני נהנה לחשוב על רעיונות מופשטים,Openness,False
אני מרגיש לא בנוח כשאני לא עומד בציפיות,Conscientiousness,True
לעולם לא אקח משהו שלא שייך לי, גם אם אף אחד לא ידע,Honesty-Humility,False
אני מוכן לעזור לאנשים גם אם זה דורש מאמץ,Agreeableness,False
אני מרגיש עצב כשאני שומע חדשות רעות,Emotionality,False
אני נהנה להצחיק אנשים סביבי,Extraversion,False
אני מרגיש לא בנוח בסיטואציות שבהן אני צריך להפגין רגשות.,Emotionality,TRUE
אני נוטה להסכים עם דעת הרוב כדי למנוע ויכוחים מיותרים.,Agreeableness,FALSE
אני נוטה להגיב בציניות כשמישהו שואל אותי שאלה טיפשית.,Agreeableness,TRUE
אני נוטה להשתמש בציניות כשאני לא מסכים עם מישהו.,Agreeableness,TRUE
אני תמיד מחפש דרכים לשפר את היצירתיות שלי בפתרון בעיות.,Openness to Experience,FALSE
אני תמיד משתדל לעבוד בצורה יעילה,Conscientiousness,False
אני מוצא את זה קשה להסתיר את הכעס שלי כשמישהו לא מקשיב לי.,Agreeableness,TRUE
אני נוטה לדאוג לגבי מה שיקרה אם אכשל במשימה חשובה.,Emotionality,FALSE
אני נהנה להשתתף בדיונים קבוצתיים סוערים ומעניינים.,Extraversion,FALSE
אני שואף להצליח במה שאני עושה,Conscientiousness,FALSE
אני תמיד מעדיף פגישות פנים אל פנים על פני התכתבות.,Extraversion,FALSE
אני לא מחפש דרכים לעקוף חוקים או תקנות,Honesty-Humility,False
אני מוצא את זה קשה להישאר אדיב כלפי אנשים שמתנהגים בבוטות.,Agreeableness,TRUE
אני מעדיף לעבוד על משימה אחת עד להשלמתה המלאה והמושלמת.,Conscientiousness,FALSE
אני מאמין שכנות מוחלטת היא הבסיס לכל קשר מקצועי.,Honesty-Humility,FALSE
אני מרגיש בנוח להיות במרכז תשומת הלב.,Extraversion,FALSE
אני משתדל להיות אדיב כלפי כולם,Agreeableness,False
אני מרגיש רגש עז כשאני רואה את הים בזמן סערה.,Openness to Experience,FALSE
אני תמיד מקפיד לומר תודה ו בבקשה לכל אדם.,Agreeableness,FALSE
אני תמיד משתדל להיות זה שמחייך ראשון בבוקר לקולגות.,Agreeableness,FALSE
אני חושב שזה בסדר לעגל פינות אם אף אחד לא נפגע מזה.,Honesty-Humility,TRUE
אני מרגיש סיפוק כשאני עוזר למישהו לראות את הצד החיובי שבמצב.,Extraversion,FALSE
אני מרגיש חוסר ביטחון כשאני צריך לבצע משימה פיזית מאתגרת.,Emotionality,FALSE
אני תמיד מנסה למצוא פתרון שיעזור לכולם להרגיש מרוצים.,Agreeableness,FALSE
אני תמיד מחזיר ספרים לספרייה בדיוק בזמן.,Conscientiousness,FALSE
אני מרגיש חמלה רבה כלפי אנשים שחווים קשיים כלכליים.,Emotionality,FALSE
אני נהנה להציג את עצמי בפני קהל,Extraversion,False
אני נוטה להתעלם מפרטים קטנים כדי לראות את התמונה הגדולה.,Conscientiousness,TRUE
אני אוהב ללמוד על תרבויות זרות,Openness,False
אני נהנה לדון בנושאים מדעיים,Openness,False
אני אוהב לקרוא על נושאים חדשים,Openness,False
אני מרגיש משיכה לחוויות חדשות,Openness,False
אני מרגיש עצב כשאני רואה אנשים במצוקה,Emotionality,False
אני חושב שהישגים אישיים חשובים יותר מעזרה לזולת.,Honesty-Humility,TRUE
אני חושב שכללים ונהלים הם המלצה בלבד עבור אנשים חכמים.,Honesty-Humility,TRUE
אני אוהב להיות מעורב בפעילויות חברתיות,Extraversion,False
אני מרגיש מלא ביטחון כשאני צריך לקבל החלטה תחת תנאי אי-ודאות.,Extraversion,FALSE
אני מרגיש צורך להשלים משימות בצורה מושלמת,Conscientiousness,False
אני נוטה להיות מסודר בסביבת העבודה שלי,Conscientiousness,False
אני מרגיש לא בנוח כשאני מקבל יחס מיוחד,Honesty-Humility,False
אני מרגיש עצב כשאני רואה חוסר צדק,Emotionality,False
אני מרגיש רגוע מאוד גם כשאני צריך לדבר מול קהל גדול של זרים.,Extraversion,FALSE
אני מרגיש שאין לי צורך להפגין את העושר שלי מול אחרים.,Honesty-Humility,FALSE
אני נוטה להילחץ כשאני רואה דם או פציעות, אפילו אם הן קלות.,Emotionality,FALSE
אני מרגיש סיפוק כשאני עוזר למישהו להבין נושא מורכב.,Extraversion,FALSE
אני תמיד בודק את ההודעות שלי כמה פעמים לפני שאני שולח אותן.,Conscientiousness,FALSE
אני מוצא עניין רב בלימוד על המבנה המולקולרי של חומרים.,Openness to Experience,FALSE
אני מרגיש דאגה רבה כשאני רואה חדשות על סכסוכים בעולם.,Emotionality,FALSE
אני נהנה ללמוד על ההיסטוריה של המצאת התרופות.,Openness to Experience,FALSE
אני נוטה להרגיש לחוץ כשאני צריך לעמוד בלוח זמנים צפוף מאוד.,Emotionality,FALSE
אני סקרן לגבי רעיונות פילוסופיים,Openness,False
אני מרגיש חוסר אונים כשאני לא מצליח לעזור לאדם קרוב שכואב לו.,Emotionality,FALSE
אני מרגיש רגוע כמעט בכל מצב, גם כשיש סביבי כאוס.,Emotionality,TRUE
אני מרגיש שמח כשאני מוביל פעילויות,Extraversion,False
אני מרגיש צורך חזק להגן על ילדים מפני כל פגיעה.,Emotionality,FALSE
אני תמיד מוודא שכל הנתונים במערכת מעודכנים עד הפרט האחרון.,Conscientiousness,FALSE
אני תמיד מעדיף לשתף פעולה עם אחרים מאשר להתחרות בהם.,Agreeableness,FALSE
אני לא מחפש דרכים לעקוף את האמת,Honesty-Humility,False
אני מרגיש אמפתיה עמוקה כלפי אנשים שעוברים תקופות קשות בחיים.,Emotionality,FALSE
אני מרגיש בנוח להיות זה שמעביר את הבשורות הקשות למשפחה.,Extraversion,FALSE
אני תמיד מחפש דרכים לשפר את היכולות המקצועיות שלי.,Conscientiousness,FALSE
אני נוטה להרגיש פאניקה אם אני לא מוצא את הטלפון שלי מיד.,Emotionality,FALSE
אם הייתה לי ההזדמנות, הייתי רוצה להשתתף בקונצרט מוסיקה קלאסית.,Openness to Experience,FALSE
אני תמיד מנסה למצוא את המשותף ביני לבין אנשים שאני פוגש.,Agreeableness,FALSE
אני אהנה ליצור יצירת אמנות, כמו לכתוב רומן, שיר או ציור.,Openness to Experience,FALSE
אני לא מנסה להשיג דברים על ידי הטעיית אחרים,Honesty-Humility,False
אני חושב שזה חיוני להיחשף לדעות פוליטיות מנוגדות לשלי.,Openness to Experience,FALSE
שיהיה לי הרבה כסף זה לא משהו שחשוב לי באופן מיוחד.,Honesty-Humility,FALSE
אני חושב שזה טיפשי להוציא כסף על מוצרי יוקרה רק בשביל הרושם.,Honesty-Humility,FALSE
אני אוהב מוזיקה רועשת.,Extraversion,FALSE
אני תמיד מנסה להבין את נקודת המבט של הצד השני בוויכוח.,Agreeableness,FALSE
אני נהנה לבקר בתערוכות שמציגות טכנולוגיות עתידניות.,Openness to Experience,FALSE
אני מרגיש בנוח להודות כשאני לא יודע משהו.,Honesty-Humility,FALSE
אני תמיד מקשיב בסבלנות לכל טענה, גם אם היא נשמעת לי לא הגיונית.,Agreeableness,FALSE
אני אוהב מוזיקה רועשת,Extraversion,FALSE
אני מרגיש מלא אנרגיה כשאני נמצא במחלקה עמוסה באנשים.,Extraversion,FALSE
אני אוהב להשתתף בפעילויות קבוצתיות,Extraversion,False
אני נהנה ללמוד על היסטוריה,Openness,False
אני מוצא את זה קל מאוד להצחיק אנשים סביבי.,Extraversion,FALSE
אני נהנה להוביל דיונים בקבוצה,Extraversion,False
אני מרגיש נוח לעבוד עם אנשים בעלי אופי שונה,Agreeableness,False
אני מקפיד על הופעה חיצונית מסודרת ומקצועית בכל יום עבודה.,Conscientiousness,FALSE
אני תמיד בודק שהציוד הרפואי שבידי מונח במקומו המדויק.,Conscientiousness,FALSE
כשאני מבטיח משהו, אני מקיים אותו ללא קשר למאמץ שזה דורש.,Conscientiousness,FALSE
אני נוטה להתווכח על עקרונותיי גם כשזה עלול לפגוע בי חברתית.,Agreeableness,TRUE
אני תמיד משתדל להחזיר טובות לאחרים,Honesty-Humility,False
אני נהנה להוביל יוזמות חברתיות חדשות בשכונה או במקום המגורים.,Extraversion,FALSE
אני מרגיש שמח כשאני משתף סיפורים עם אחרים,Extraversion,False
אני נוטה לדאוג לגבי הבריאות הנפשית של חברי הקרובים.,Emotionality,FALSE
אני חושב שחוקים הם בגדר המלצה כשהם לא הגיוניים בעיניי.,Honesty-Humility,TRUE
אני נהנה ללמד סטודנטים ומתמחים צעירים את מה שאני יודע.,Extraversion,FALSE
אני נוטה להשקיע הרבה מחשבה בארגון הארון שלי.,Conscientiousness,FALSE
אני נהנה לחשוב על הקשר בין פילוסופיה למדעי המוח.,Openness to Experience,FALSE
אני מוכן לקבל דעות שונות משלי,Agreeableness,False
אני חושב שזה בזבוז זמן לתכנן תוכניות לטווח ארוך מאוד.,Conscientiousness,TRUE
אני תמיד מחפש את השיטה המדעית המוכחת ביותר לביצוע מטלה.,Openness to Experience,FALSE
אני משתדל לבדוק את עבודתי לפני הגשה,Conscientiousness,False
אני נהנה להוביל שיחות בקבוצות,Extraversion,False
אני חושב שהצלחה בחיים נמדדת בעיקר בכמות הכסף שיש לאדם.,Honesty-Humility,TRUE
אני משתדל להיות הוגן גם כשאני לא מסכים,Agreeableness,False
אני תמיד מקפיד להחזיר חפצים שלקחתי בדיוק למקום שלהם.,Conscientiousness,FALSE
אני מוכן לקבל משוב מאחרים כדי לשפר את עצמי,Agreeableness,False
אני נוטה להרגיש חרדה אם התוכניות שלי משתנות ברגע האחרון.,Emotionality,FALSE
אם אקבל עודף גדול מדי בטעות, לא תמיד ארגיש צורך לדווח על כך.,Honesty-Humility,TRUE
אני נוטה לדאוג לגבי הבטיחות שלי גם כשאני נמצא בסביבה בטוחה.,Emotionality,FALSE
אני נהנה לקרוא על גילויים מדעיים חדשים בכתבי עת.,Openness to Experience,FALSE
אני מוצא את זה קשה לקבל דעות שונות מאוד משלי בנושאים פוליטיים.,Agreeableness,TRUE
אני חושב שזה בסדר לקבל טיפ כספי ממטופל כדי להקדים לו תור.,Honesty-Humility,TRUE
אני נהנה לייצג את המחלקה שלי בכנסים ואירועים מקצועיים.,Extraversion,FALSE
אני מרגיש שמחובתי להתנצל בפני מטופל אם גרמתי לו להמתין יותר מדי.,Honesty-Humility,FALSE
אני תמיד מעדיף לשמור על פרופיל נמוך גם כשאני זוכה לשבחים.,Honesty-Humility,FALSE
לפעמים אני לא יכול שלא לדאוג לגבי דברים קטנים.,Emotionality,FALSE
אני אוהב לחקור תחומי ידע חדשים,Openness,False
אני מרגיש שבא לי לבכות כשאני רואה אנשים אחרים בוכים.,Emotionality,FALSE
אני נוטה להרגיש חרדה כשאני נמצא בסביבה לא סטרילית.,Emotionality,FALSE
אני מרגיש לא בנוח כשאני מקבל יותר ממה שמגיע לי,Honesty-Humility,False
אני נהנה להיות האדם שמקבל את פני המטופלים החדשים.,Extraversion,FALSE
אני תמיד משתדל להיות הוגן כלפי כולם,Honesty-Humility,False
אני מרגיש עצב כשאני רואה אנשים בודדים,Emotionality,False
אני מרגיש דאגה עמוקה כשאני שומע על אסונות טבע במקומות רחוקים.,Emotionality,FALSE
אני נוטה לדאוג לגבי הבטיחות בדרכים באופן תמידי.,Emotionality,FALSE
אני מרגיש לעיתים קרובות מודאג לגבי דברים קטנים,Emotionality,True
אני מקפיד שהשולחן שלי יהיה מסודר לפני שאני מתחיל לעבוד.,Conscientiousness,FALSE
אני מרגיש שמח כשאני מוקף באנשים,Extraversion,False
אני מרגיש רגש עז כשאני מצליח לעזור לאדם שנמצא במצוקה קשה.,Emotionality,FALSE
אני מרגיש צורך עז לחלוק את ההצלחות שלי עם אנשים שקרובים אליי.,Emotionality,FALSE
הייתי רוצה לטייל בעולם בכדור פורח,Openness to Experience,FALSE
אני מרגיש אנרגטי כשאני משתתף בדיונים,Extraversion,False
אני תמיד משתדל לסיים שיחות ברוח טובה גם אם לא הסכמנו.,Agreeableness,FALSE
אני מרגיש כאב פיזי כמעט כשאני רואה מישהו אחר נפצע.,Emotionality,FALSE
אני נוטה לאבד את העשתונות כשאני נמצא במצב של עומס יתר.,Emotionality,FALSE
אני נהנה להיות זה שמספר את הבדיחות בחבורה.,Extraversion,FALSE
אני תמיד משתדל להיות האדם שיוצר אווירה נעימה במשמרת.,Agreeableness,FALSE
אני נהנה לטייל במקומות חדשים,Openness,False
אני מרגיש נוח להודות בפני המטופל שאין לי תשובה כרגע.,Honesty-Humility,FALSE
אני לעולם לא אשתמש בציוד של בית החולים לצרכיי הפרטיים.,Honesty-Humility,FALSE
אני מרגיש סיפוק כשאני מצליח למנוע ויכוח מיותר בין חברים.,Agreeableness,FALSE
אני נהנה לחשוב על פתרונות יצירתיים לבעיות יומיומיות פשוטות.,Openness to Experience,FALSE
אני מרגיש מתח כשאני צריך להתמודד עם קונפליקטים,Emotionality,True
אני לעולם לא אעתיק במבחן, גם אם אין שום סיכוי שייתפסו אותי.,Honesty-Humility,FALSE
אני מרגיש שמח כשאני מוקף בחברים,Extraversion,False
אני נוטה לסיים את כל הדיווחים שלי עוד לפני שהמשמרת נגמרת.,Conscientiousness,FALSE
אני מרגיש צורך לבדוק שהכל נעשה כראוי,Conscientiousness,False
אני משתדל לעבוד בצורה יעילה ומדויקת,Conscientiousness,False
אני תמיד משתדל לעמוד בהבטחותיי,Honesty-Humility,False
אני נהנה להוביל פרויקטים קבוצתיים,Extraversion,False
אני לעולם לא אשתמש במידע שקיבלתי בשיחה פרטית כדי להשיג יתרון.,Honesty-Humility,FALSE
אני מרגיש צורך לעמוד בסטנדרטים גבוהים,Conscientiousness,False
אני חושב שמגיע לי יותר כבוד מזה המגיע לאדם הממוצע,Honesty-Humility,TRUE
אני לא מנסה להשיג כוח על חשבון אחרים,Honesty-Humility,False
אני נוטה להיפגע עמוק מביקורת של אנשים שקרובים אליי.,Emotionality,FALSE
אני תמיד משתדל להיות כנה לגבי מגבלות הזמן שלי מול המטופלים.,Honesty-Humility,FALSE
אני תמיד משתדל להיות האדם הכי מעורב בשיחות המסדרון.,Extraversion,FALSE
אני מרגיש חרדה במצבים חברתיים חדשים,Emotionality,True
אני נוטה להטיל ספק בכוונות של אנשים שמציעים לי עזרה ללא תמורה.,Honesty-Humility,TRUE
אני לעולם לא אשתמש בחנופה כדי להשיג יתרון על פני קולגות.,Honesty-Humility,FALSE
אני תמיד מדווח על טעות שעשיתי גם אם היא לא גרמה נזק.,Honesty-Humility,FALSE
אני נהנה להשתתף בדיונים על נושאים אתיים ומוסריים.,Openness to Experience,FALSE
אני מרגיש לא בנוח כשאני לא עומד בלוחות זמנים,Conscientiousness,True
אני חושב שלמידה על תרבויות רחוקות היא בזבוז זמן.,Openness to Experience,TRUE
אני מרגיש מלא חיים כשאני נמצא בתנאי עבודה דינמיים ומשתנים.,Extraversion,FALSE
אני תמיד משתדל להגיע בזמן לפגישות,Conscientiousness,False
אני נוטה לדאוג לגבי טעויות שאני עלול לעשות,Emotionality,True
אני נהנה להשתתף בראיונות עבודה או ועדות קבלה.,Extraversion,FALSE
אני מעדיף לעבוד בשקט מאשר בסביבה תחרותית.,Extraversion,TRUE
אני נוטה להימנע משיפוט מהיר של אנשים,Agreeableness,False
אני נוטה להתווכח עם אנשים שמעבירים ביקורת על אורח החיים שלי.,Agreeableness,TRUE
אני לא מרגיש נוח לקבל טובות הנאה מאחרים,Honesty-Humility,False
אני נוטה לדאוג לגבי הבטיחות של האנשים הקרובים אליי.,Emotionality,FALSE
קל לי מאוד להבין מטופלים שמתנהגים בתוקפנות מתוך כאב.,Agreeableness,FALSE
אני תמיד משתדל לעמוד בהתחייבויות שלי,Conscientiousness,False
אני נוטה להימנע מעימותים מיותרים,Agreeableness,False
אני נהנה ללמוד על הקשר שבין פיזיקה למוזיקה.,Openness to Experience,FALSE
אני מרגיש בנוח להביע את שמחתי בקול רם כשאני מצליח במשהו.,Extraversion,FALSE
אני נהנה להציג מקרים רפואיים מול קהל גדול של רופאים.,Extraversion,FALSE
אני מרגיש פחד כשאני חושב על כישלון אפשרי,Emotionality,True
אני מרגיש חמלה רבה כלפי אנשים שאיבדו את ביתם.,Emotionality,FALSE
אני מרגיש בנוח לנהל שיחות הסברה מול קהל רחב של מטופלים.,Extraversion,FALSE
אני נהנה לחלוק את הידע שלי עם אחרים ללא תמורה.,Agreeableness,FALSE
אני מאמין שהדרך המהירה ביותר להצליח היא לנצל חולשות של אחרים.,Honesty-Humility,TRUE
אני נוטה לסלוח לאנשים שפגעו בי ברגע שהם מבקשים סליחה.,Agreeableness,FALSE
לעולם לא אקבל שוחד גם אם הוא מאד גדול.,Honesty-Humility,FALSE
אני מרגיש בטוח בעצמי כשאני משתתף בדיונים,Extraversion,False
אני תמיד מוודא שכל המכשירים סביבי מכובים ומאובטחים לפני שאני עוזב.,Conscientiousness,FALSE
אני מרגיש חמלה רבה כלפי בעלי חיים שסובלים.,Emotionality,FALSE
אני תמיד מקפיד לשלם את המיסים שלי עד השקל האחרון.,Honesty-Humility,FALSE
אני תמיד מחפש את הדרך העדינה ביותר לבשר בשורה לא נעימה.,Agreeableness,FALSE
אני מתכנן קדימה ומארגן את הדברים, כדי להימנע מערבול ברגע האחרון.,Conscientiousness,FALSE
אני מאמין שרוב האנשים הם טובים מיסודם.,Agreeableness,FALSE
אני נוטה לדאוג לגבי דברים שמשפיעים עליי,Emotionality,True
אני נוטה להחמיא לאנשים על העבודה הטובה שהם עושים.,Agreeableness,FALSE
אני תמיד מרגיש בטוח ביכולת שלי להרשים אנשים חדשים.,Extraversion,FALSE
אני נוטה לשמור טינה לאנשים שפגעו בי בצורה לא הוגנת.,Agreeableness,TRUE
אני נהנה לחשוב על רעיונות יצירתיים,Openness,False
אני נוטה להימנע מוויכוחים חסרי תועלת,Agreeableness,False
אני נוטה להרגיש פחד כשאני חושב על הסיכונים,Emotionality,True
אני נוטה להרגיש אמפתיה כלפי אנשים במצוקה,Emotionality,False
אני תמיד מנסה להפיק את המרב מכל סיטואציה חברתית שאני נמצא בה.,Extraversion,FALSE
אני תמיד מקפיד להחזיר ציוד ששאלתי במצב טוב יותר ממה שקיבלתי אותו.,Conscientiousness,FALSE
אני עושה מה שהבוס שלי אומר גם אם אני לא מסכים שזה הדבר הנכון,Agreeableness,FALSE
אני מוכן להתפשר כדי למנוע קונפליקטים,Agreeableness,False
אני תמיד מכין רשימת מטלות לפני שאני מתחיל יום עבודה.,Conscientiousness,FALSE
אני חושב שמגיע לי יותר כבוד מזה המגיע לאדם הממוצע.,Honesty-Humility,TRUE
אני מרגיש חרדה קלה כשאני צריך לבצע פעולה שאינני מיומן בה.,Emotionality,FALSE
אני מרגיש לא בנוח כשאני לא עומד בלוחות זמנים,Conscientiousness,True
אני תמיד בודק פעמיים אם כיביתי את האורות או נעלתי את הדלת.,Conscientiousness,FALSE
אני מרגיש בנוח לדבר על הנושאים הכי רגישים עם זרים מוחלטים.,Extraversion,FALSE
אני לעולם לא אקבל מתנה ממטופל שעשויה להשפיע על שיקול דעתי.,Honesty-Humility,FALSE
אני נוטה להשתעמם משיחות שעוסקות רק בנושאים יומיומיים ופשוטים.,Openness to Experience,FALSE
אני לא מנסה להרשים אנשים על ידי שקרים קטנים,Honesty-Humility,False
אני מוצא את זה קשה לסלוח לאנשים ששיקרו לי פעם אחת.,Agreeableness,TRUE
אני תמיד מוכן לשמוע על רעיונות שנראים לאחרים בלתי אפשריים.,Openness to Experience,FALSE
אני מוצא את זה קשה להסתיר את הכעס שלי כשאני נתקל בחוסר צדק.,Agreeableness,TRUE
אני נהנה לחשוב על הדרכים שבהן העולם ישתנה בעוד 50 שנה.,Openness to Experience,FALSE
אני נוטה לקחת ללב הערות ביקורתיות, גם אם הן בונות.,Emotionality,FALSE
אני תמיד מחפש הזדמנויות להרחיב את המעגל החברתי שלי.,Extraversion,FALSE
אני נוטה להרגיש מתח כשאני צריך לקבל החלטות מהירות,Emotionality,True
אני מרגיש שצניעות היא הבסיס ללמידה אמיתית לאורך כל החיים.,Honesty-Humility,FALSE
אני מוכן להתפשר כדי להגיע לפתרון משותף,Agreeableness,False
אני לא מרגיש צורך להפגין עליונות על אחרים,Honesty-Humility,False
אני נוטה לתכנן את עבודתי בצורה מפורטת,Conscientiousness,False
אני מרגיש בנוח לדבר עם אנשים ממעמד חברתי גבוה משלי.,Extraversion,FALSE
אני נוטה להיות יסודי בעבודה שלי,Conscientiousness,False
אני תמיד מנסה להבין את המניעים של אנשים לפני שאני שופט אותם.,Agreeableness,FALSE
אני חושב שזה מוצדק לשקר אם האמת תפגע במישהו ללא צורך.,Honesty-Humility,TRUE
אני לא מרגיש צורך להפגין עושר או מעמד,Honesty-Humility,False
אני מאמין שכל אדם צריך להרוויח את מעמדו בעבודה קשה ולא בקשרים.,Honesty-Humility,FALSE
אני חושב שזה בזבוז זמן לנסות להבין רגשות של אנשים שהתנהגו אליי רע.,Agreeableness,TRUE
אני תמיד מחפש דרכים להרחיב את האופקים האינטלקטואליים שלי.,Openness to Experience,FALSE
אני תמיד משתדל להישאר אדיב, גם כשאני נמצא תחת לחץ כבד.,Agreeableness,FALSE
אני תמיד פתוח ללמוד שיטות למידה חדשות ויעילות יותר.,Openness to Experience,FALSE
אני מרגיש עצב כשאני רואה מישהו סובל,Emotionality,False
אני נוטה להרגיש מתח במצבים תחרותיים,Emotionality,True
אני סקרן לגבי פסיכולוגיה,Openness,False
אני נוטה לתכנן את עבודתי מראש,Conscientiousness,False
אני תמיד מוודא שכל המטלות שלי הושלמו לפני שאני יוצא לבילוי.,Conscientiousness,FALSE
אני נוטה לדאוג לגבי הבריאות של אנשים שחשובים לי.,Emotionality,FALSE
אני מרגיש מאוד בטוח בעצמי כשאני צריך להציג רעיון בפני קהל.,Extraversion,FALSE
אני אוהב לחקור רעיונות חדשים,Openness,False
אני חושב שצניעות היא תכונה של אנשים חלשים.,Honesty-Humility,TRUE
אני מרגיש בטוח בעצמי כשאני מציג רעיונות,Extraversion,False
לא הייתי משתמש בחנופה כדי לקבל העלאה, גם אם חשבתי שזה יצליח,Honesty-Humility,FALSE
אני נהנה ללמוד על הדרך שבה מדענים הגיעו לתגליות הגדולות שלהם.,Openness to Experience,FALSE
אני נוטה ליזום מפגשים מקצועיים להחלפת ידע עם קולגות.,Extraversion,FALSE
אני מרגיש מאוד בטוח בעצמי כשאני מדבר עם דמויות סמכותיות.,Extraversion,FALSE
אני נוטה לדאוג לגבי החלטות שקיבלתי בעבר, ותוהה אם צדקתי.,Emotionality,FALSE
אני נוטה להאשים את עצמי כשדברים לא מסתדרים כמו שרציתי.,Emotionality,FALSE
אני מרגיש רגש עז כשאני שומע מוזיקה יפה במיוחד.,Openness to Experience,FALSE
אני חושב שזה בזבוז זמן להתעכב על רגשות במקום להתקדם בביצוע המשימה.,Emotionality,TRUE
אני מפחד לגור במקומות מסוכנים,Emotionality,FALSE
אני חושב שזה חשוב להקפיד על כללי הטקס והנימוס בכל מצב.,Conscientiousness,FALSE
אני מרגיש רע אם אני נאלץ להעיר למישהו על תפקודו.,Agreeableness,FALSE
אני מעוניין ללמוד על ההיסטוריה והפוליטיקה של מדינות אחרות.,Openness to Experience,FALSE
אני נהנה לחקור רעיונות חדשניים,Openness,False
אני נהנה לבקר בגלריות לאמנות מודרנית ולנסות להבין את היצירות.,Openness to Experience,FALSE
אני מרגיש בנוח להציג שאלות קשות במהלך הרצאות מקצועיות.,Extraversion,FALSE
קשה לי מאוד להירדם בלילה אם אני יודע שיש לי משימה לא פתורה.,Conscientiousness,FALSE
אני מרגיש בנוח להוביל קבוצה של אנשים שאינני מכיר היטב.,Extraversion,FALSE
אני תמיד משתדל להיות מנומס, גם כלפי אנשים שלא נחמדים אליי.,Agreeableness,FALSE
אני מעדיף ללכת בדרכים מוכרות מאשר לנסות דרך חדשה שאולי תקצר את הזמן.,Openness to Experience,TRUE
אני תמיד משתדל להשלים משימות בזמן,Conscientiousness,False
אני מרגיש בנוח לדבר על ההישגים שלי מבלי להרגיש שחצן.,Extraversion,FALSE
אני מרגיש בטוח בעצמי כשאני מוביל קבוצה,Extraversion,False
אני תמיד בודק שהמטופל הבין את ההנחיות שלי עד הסוף.,Conscientiousness,FALSE
אני נוטה לאבד עניין במשימות שדורשות תשומת לב ממושכת לפרטים.,Conscientiousness,TRUE
אני נוטה להנהיג את השיחה כשאני נמצא עם קבוצת חברים.,Extraversion,FALSE
אני נהנה לחשוב על האפשרות של חיים על כוכבי לכת אחרים.,Openness to Experience,FALSE
אני נהנה ללמוד על פיתוחים טכנולוגיים שעשויים לשנות את העתיד.,Openness to Experience,FALSE
אני סקרן לגבי טכנולוגיות חדשות,Openness,False
אני סקרן לגבי תרבויות עתיקות,Openness,False
אני תמיד מנסה למצוא פשרה שתרצה את כולם בוויכוח.,Agreeableness,FALSE
אני מרגיש רגש עז כשאני רואה נוף טבעי מרהיב.,Openness to Experience,FALSE
אני תמיד אומר את האמת, גם אם זה עלול לפגוע במישהו,Honesty-Humility,False
אני תמיד מוכן להתפשר על הנוחות שלי למען הצלחת הטיפול הקבוצתי.,Agreeableness,FALSE
אני מרגיש לעיתים קרובות מתח רגשי,Emotionality,True
אני נוטה להגיב בשלווה גם כשאנשים צועקים עליי.,Agreeableness,FALSE
אני מעדיף לסיים פרויקט אחד לפני שאני מתחיל פרויקט חדש.,Conscientiousness,FALSE
אני נוטה להסכים עם דעות של אחרים כדי לשמור על שלום,Agreeableness,False
אני לא מנסה לנצל אנשים אחרים כדי להשיג את מטרותיי,Honesty-Humility,False
אני מוכן להתפשר כדי להגיע להסכמה,Agreeableness,False
אני תמיד מנסה לראות את הצד החיובי בכל אדם שאני פוגש.,Agreeableness,FALSE
אני משתדל להיות סבלני גם כשאנשים מעצבנים אותי,Agreeableness,False
אני מרגיש שיש לי השפעה חיובית על האווירה החברתית בחדר.,Extraversion,FALSE
אני אוהב לנסות פעילויות חדשות,Openness,False
אני נוטה לסלוח מהר מאוד לאנשים שמאכזבים אותי.,Agreeableness,FALSE
אני נוטה לבקש סליחה גם כשאני לא בטוח שטעיתי.,Agreeableness,FALSE
אני מרגיש בנוח להתעמת עם דמויות סמכותיות כשזה לטובת המטופל.,Extraversion,FALSE
אני נוטה להרגיש חרדה כשאני צריך לבצע משימה תחת פיקוח צמוד.,Emotionality,FALSE
גם כשאני כועס מאוד, אני לא מרים את הקול על אנשים אחרים.,Agreeableness,FALSE
אני לא מרגיש צורך להתבלט על חשבון אחרים,Honesty-Humility,False
אני נוטה להימנע מלהאשים אחרים בטעויות,Agreeableness,False
אני תמיד מעדיף לחלוק בקרדיט על הצלחה מאשר לקחת אותו לעצמי.,Honesty-Humility,FALSE
אני נהנה לחקור את ההבדלים התרבותיים בדרכי הטיפול הרפואי.,Openness to Experience,FALSE
אני מרגיש שמחה גדולה כשאני רואה אנשים אחרים מצליחים.,Agreeableness,FALSE
אני נוטה להרגיש פחד כשאני נמצא במקומות גבוהים או לא יציבים.,Emotionality,FALSE
אני תמיד בודק פעמיים את המינונים של תרופות שאני רושם.,Conscientiousness,FALSE
אני נוטה לבדוק את תקינות המלאי במחלקה גם כשזה לא תפקידי.,Conscientiousness,FALSE
חבריי פונים אלי בשעת צרה,Agreeableness,FALSE
אני נוטה להרגיש חוסר ביטחון כשאני נמצא בחברת אנשים חכמים מאוד.,Emotionality,FALSE
אני נהנה להצחיק קבוצות של אנשים,Extraversion,False
אני מרגיש לא בנוח כשאני משאיר משימות לא גמורות,Conscientiousness,True
אני תמיד מודה בטעותי מיד כשאני מגלה אותה.,Honesty-Humility,FALSE
אני משתדל להיות אדיב גם כשאני לחוץ,Agreeableness,False
אני נוטה להציע רעיונות לשיפור הגיבוש החברתי בצוות.,Extraversion,FALSE
אני נוטה להרגיש חוסר נוחות בסיטואציות חברתיות לא מוכרות.,Extraversion,TRUE
אני מעדיף להרוויח כסף בדרכים ישרות, גם אם זה אומר להרוויח פחות,Honesty-Humility,False
אני חושב ששימוש בכוח הוא לעיתים הדרך היחידה להשיג כבוד.,Honesty-Humility,TRUE
אני חושב שזה בסדר להשתמש במידע חסוי לטובתי האישית.,Honesty-Humility,TRUE
אני לעולם לא אשתמש במידע אישי של קולגה כדי לקדם את מעמדי.,Honesty-Humility,FALSE
אני אוהב לחשוב מחוץ לקופסה,Openness,False
אני מרגיש בשיאי כשאני צריך לנהל כמה משימות במקביל.,Extraversion,FALSE
כשאני מצליח בעבודתי אני מספר זאת לכולם,Extraversion,FALSE
אני מרגיש לא בנוח כשאני לא עומד ביעדים,Conscientiousness,True
אני תמיד מנסה להרגיע רוחות כשיש מתח בצוות הרפואי.,Agreeableness,FALSE
אני מרגיש אחריות אישית לדאוג לכך שכולם מסביבי יהיו מאושרים.,Emotionality,FALSE
אני תמיד מנסה להפוך את המשמרת ליותר מעניינת עבור כולם.,Extraversion,FALSE
אני מעדיף לעבוד על כמה פרויקטים במקביל מאשר להתרכז באחד.,Conscientiousness,TRUE
אני נהנה לנסות ללמוד מיומנויות ידניות חדשות כמו נגרות או פיסול.,Openness to Experience,FALSE
אני נוטה לדאוג לגבי דברים שקורים בעולם,Emotionality,True
אני נוטה לשכוח היכן הנחתי חפצים אישיים כמו מפתחות או טלפון.,Conscientiousness,TRUE
אני מרגיש בנוח לבקש הנחה או הטבה כשאני קונה משהו.,Extraversion,FALSE
לדעתי, רוב האנשים דואגים לאינטרסים שלהם יותר מאשר לערכי מוסר.,Honesty-Humility,TRUE
אני מרגיש מלא מרץ כשאני צריך לעבוד בצוות גדול ותוסס.,Extraversion,FALSE
ברוב הימים, אני מרגיש עליז ואופטימי.,Extraversion,FALSE
אני נוטה להישאר רגוע גם כשאנשים מנסים לעורר את כעסי.,Agreeableness,FALSE
אני מרגיש שהאישיות שלי היא מושכת ומעניינת עבור אחרים.,Extraversion,FALSE
אני מקפיד לסיים כל מה שהתחלתי, גם אם זה כבר לא מעניין אותי.,Conscientiousness,FALSE
אני תמיד מנסה למצוא פשרה שתמנע מריבות מיותרות.,Agreeableness,FALSE
אני מרגיש נוח לעבוד עם אנשים בעלי דעות שונות,Agreeableness,False
אני תמיד משתדל לעזור לאנשים סביבי להרגיש בנוח.,Agreeableness,FALSE
אני מרגיש התרגשות רבה כשאני נחשף ליצירת אמנות עוצמתית.,Openness to Experience,FALSE
אני תמיד פתוח לשמוע דעות שונות משלי, גם אם הן נראות לי מוזרות.,Openness to Experience,FALSE
אני מרגיש משיכה לרעיונות לא קונבנציונליים,Openness,False
אני חושב שחשוב מאוד לשמור על מסורות ישנות.,Openness to Experience,TRUE
אני מרגיש רגוע מאוד כשאני צריך לנהל שיחת טלפון חשובה עם אדם זר.,Extraversion,FALSE
אם אני רוצה משהו ממישהו, אני צוחק מהבדיחות הגרועות ביותר שלו.,Honesty-Humility,TRUE
אני נוטה להיות יסודי בעבודה שלי,Conscientiousness,False
אני אוהב לפגוש אנשים עם תחומי עניין דומים,Extraversion,False
אני מקפיד על סדר מופתי בתיק המקצועי ובשולחן העבודה שלי.,Conscientiousness,FALSE
אני מרגיש צורך בחיבוק או מגע פיזי כשאני עצוב.,Emotionality,FALSE
אני נוטה להרגיש חוסר מנוחה כשאני נמצא במקום סגור לאורך זמן.,Emotionality,FALSE
אני משתדל להיות מסודר בעבודה שלי,Conscientiousness,False
אני לעולם לא אעלים עין מהתנהגות לא אתית של חבר לצוות.,Honesty-Humility,FALSE
אם אוכל להרוויח סכום כסף גדול בדרך לא אתית אך חוקית, אעשה זאת.,Honesty-Humility,TRUE
אני תמיד מסיים את מה שאני אוכל, כדי לא לבזבז אוכל.,Conscientiousness,FALSE
אני תמיד משתדל להיות ישר עם הממונים עלי לגבי הקשיים שלי.,Honesty-Humility,FALSE
אני לא מרגיש צורך להראות שאני מוצלח יותר מאחרים,Honesty-Humility,False
אני סקרן לגבי תופעות טבע,Openness,False
אני מרגיש שלכל אדם מגיעה הזדמנות להסביר את עצמו.,Agreeableness,FALSE
אני מעדיף לתכנן הכל מראש ולא להשאיר מקום להפתעות.,Conscientiousness,FALSE
אני מובך לקבל מחמאות.,Honesty-Humility,FALSE
אני משתדל להיות אדיב גם במצבים קשים,Agreeableness,False
קשה לי מאוד לסלוח לקולגה שהכשיל אותי בביצוע משימה.,Agreeableness,TRUE
לדעתי, להיות עשיר ומפורסם זה אחד הדברים החשובים ביותר בחיים.,Honesty-Humility,TRUE
אני מעדיף לתכנן את חופשותיי לפרטי פרטים ולא להשאיר דבר ליד המקרה.,Conscientiousness,FALSE
אני נוטה לדאוג לגבי העתיד המקצועי שלי באופן תמידי.,Emotionality,FALSE
אני סקרן לגבי תרבויות שונות,Openness,False
אני תמיד מעדיף לנסות פתרון מקורי מאשר פתרון שגרתי.,Openness to Experience,FALSE
אני אוהב להיות מעורב באירועים חברתיים,Extraversion,False
אני לעולם לא אקח קרדיט על עבודה שמישהו אחר עשה.,Honesty-Humility,FALSE
אני אוהב יעדים אקזוטיים.,Openness to Experience,FALSE
אני תמיד מחפש ספרים שמציעים זווית ראייה חדשה על החיים.,Openness to Experience,FALSE
אני נהנה להיות האדם שמקבל את האורחים במסיבה או אירוע.,Extraversion,FALSE
אני מרגיש מלא אנרגיה כשאני מוקף בהרבה אנשים.,Extraversion,FALSE
אני תמיד מקפיד לבצע את המטלות שלי בדיוק לפי ההנחיות שניתנו לי.,Conscientiousness,FALSE
קשה לי מאוד לקבל שינויים פתאומיים בתוכניות שלי.,Openness to Experience,TRUE
אני מעדיף להפסיד מאשר לנצח בדרכים לא הוגנות,Honesty-Humility,False
אני נוטה לעבוד בצורה יסודית ומדויקת,Conscientiousness,False
אני מרגיש אשמה אם אני לוקח קרדיט על עבודה שלא עשיתי,Honesty-Humility,False
אני תמיד מחפש הזדמנויות ללמוד דברים חדשים, גם אם הם לא קשורים לעיסוקי.,Openness to Experience,FALSE
אני מרגיש פגוע מאוד כשאנשים מבקרים את היכולות המקצועיות שלי.,Agreeableness,TRUE
אני חש אי נוחות כשאני צריך להתפאר בהישגיי,Honesty-Humility,False
אני חושב שזה חשוב להבין את הרקע ההיסטורי של כל תופעה חברתית.,Openness to Experience,FALSE
אני מרגיש בטוח מאוד ביכולות שלי להתמודד עם אתגרים חדשים.,Extraversion,FALSE
אני חושב שחשוב ללמוד על זרמים פילוסופיים שונים מהמזרח והמערב.,Openness to Experience,FALSE
אני נוטה לעבוד בצורה יסודית ומדויקת,Conscientiousness,False
אני נהנה ללמוד על תהליכים פסיכולוגיים שמשפיעים על קבלת החלטות.,Openness to Experience,FALSE
אני נוטה להרגיש עצב כשאני נפרד מאנשים קרובים,Emotionality,False
אני נהנה להיות זה שמארגן את המפגשים החברתיים של החברים.,Extraversion,FALSE
אני תמיד מקפיד לסגור את כל המטלות שלי לפני סוף היום.,Conscientiousness,FALSE
אני מרגיש נוח להביע את דעותיי בפומבי,Extraversion,False
אם מישהו מדבר אליי בגסות, אני מתקשה להישאר נחמד אליו.,Agreeableness,TRUE
אני נוטה להאמין שרוב האנשים ירמו אם רק תינתן להם ההזדמנות.,Honesty-Humility,TRUE
אני נהנה ללמוד על התפתחויות בתחום האנרגיה הירוקה.,Openness to Experience,FALSE
אני תמיד מוודא שכל המכשור הרפואי כויל בדיוק לפי ההוראות.,Conscientiousness,FALSE
אני מקפיד לבצע רישום מדויק של כל חומר רפואי בו השתמשתי.,Conscientiousness,FALSE
אני נהנה לבקר במוזיאונים למדע וטכנולוגיה.,Openness to Experience,FALSE
כשאני מצליח בעבודתי אני מספר זאת לכולם.,Honesty-Humility,TRUE
אני תמיד מקפיד להגיע בזמן לכל התחייבות שקיבלתי על עצמי.,Conscientiousness,FALSE
אני נוטה להרגיש חוסר סבלנות כשאנשים מבזבזים את זמני.,Agreeableness,TRUE
אני נהנה להיות במרכז תשומת הלב של אחרים,Extraversion,False
אני מרגיש משיכה לאמנות חזותית,Openness,False
אני מרגיש התרגשות רבה כשאני רואה מופע מחול מקצועי.,Openness to Experience,FALSE
אני מאבד את הסבלנות מהר כשאנשים מסביבי לא מבינים אותי.,Agreeableness,TRUE
אם אדע שלעולם לא יתפסו אותי, הייתי מוכן לגנוב מיליון דולר.,Honesty-Humility,TRUE
אני מרגיש חסר אונים כשדברים לא מסתדרים לפי התוכנית שלי.,Emotionality,FALSE
אני מרגיש מלא חיים כשאני נמצא במרכז רחבה רוקדת.,Extraversion,FALSE
כשאני נמצא בקבוצה, אני בדרך כלל נותן לאחרים להוביל את השיחה.,Extraversion,TRUE
אני תמיד בודק שוב את האבחנה שלי אם יש לי ספק ולו הקטן ביותר.,Conscientiousness,FALSE
לעתים קרובות כשאני מנסה להשיג מטרה אני דוחף את עצמי קשה מאוד.,Conscientiousness,FALSE
אני אוהב להשתתף באירועים חברתיים,Extraversion,False
אני מרגיש חסר מנוחה כשאני לא עוסק במשהו יצרני.,Conscientiousness,FALSE
אני מרגיש שיש לי דמיון עשיר מאוד שמלווה אותי ביום-יום.,Openness to Experience,FALSE
אני חושש לנסוע במצבי מזג אוויר קיצוני.,Emotionality,FALSE
אני מאמין שיושרה חשובה יותר מהצלחה חומרית מהירה.,Honesty-Humility,FALSE
אני תמיד מחפש דרכים יצירתיות להפוך את סביבת העבודה שלי לנעימה יותר.,Openness to Experience,FALSE
אני מעדיף שמישהו אחר יקבל את ההחלטות הגדולות בצוות.,Extraversion,TRUE
אני משתדל להיות סבלני גם במצבים מאתגרים,Agreeableness,False
אני לא מנסה להרשים אנשים על ידי התנהגות מלאכותית,Honesty-Humility,False
אני לא מחפש דרכים להשיג יתרונות על חשבון אחרים,Honesty-Humility,False
לעולם לא אעגל פינות בדיווח רפואי, גם אם זה ידרוש ממני שעות נוספות.,Honesty-Humility,FALSE
אני תמיד מוודא שכל המסמכים שלי חתומים ומאושרים כנדרש.,Conscientiousness,FALSE
אנשים חושבים עליי כמישהו שיש לו מזג חם.,Agreeableness,TRUE
אני כמעט ולא מביע את הדעות שלי במפגשים קבוצתיים.,Extraversion,TRUE
אני תמיד מחפש דרכים להפוך את העולם למקום טוב יותר עבור כולם.,Openness to Experience,FALSE
אני נהנה לעזור לאנשים גם אם זה דורש ממני מאמץ נוסף.,Agreeableness,FALSE
אני מוכן לעזור לאנשים גם אם זה לא נוח לי,Agreeableness,False
אני נהנה להשתתף בסיעור מוחות שבו עולים רעיונות יוצאי דופן.,Openness to Experience,FALSE
אני מרגיש לעיתים קרובות צורך בתמיכה רגשית,Emotionality,False
אני תמיד מקפיד לנקות אחרי בטבע או במקומות ציבוריים.,Conscientiousness,FALSE
אני לא מרגיש צורך להראות לאחרים שאני חשוב,Honesty-Humility,False
אני נוטה לאבד את הריכוז אם הסביבה שלי מבולגנת.,Conscientiousness,FALSE
אני סקרן לגבי מדע וטכנולוגיה,Openness,False
אני מרגיש בנוח לדבר על הטעויות והחולשות שלי עם אחרים.,Extraversion,FALSE
אני נוטה להעדיף סדר וניקיון על פני נוחות.,Conscientiousness,FALSE
אני מרגיש סיפוק כשאני מצליח לעזור למישהו מבלי שהוא יידע שזה אני.,Honesty-Humility,FALSE
אני חושב שזה בסדר לקחת לעצמי קרדיט אם זה יעזור לצוות שלי להצליח.,Honesty-Humility,TRUE
אני מרגיש נוח כשאני צריך לדבר עם קבוצה,Extraversion,False
אני משתדל לעבוד בצורה מסודרת ומאורגנת,Conscientiousness,False
אני נהנה ללמוד על האופן שבו שפות שונות התפתחו לאורך השנים.,Openness to Experience,FALSE
אני נוטה לתכנן את המשימות שלי מראש,Conscientiousness,False
קל לי מאוד להבין מה אדם אחר מרגיש רק לפי מבט בפניו.,Emotionality,FALSE
אני מוצא את עצמי חושב הרבה על מה שאנשים אחרים חושבים עליי.,Extraversion,TRUE
אני משתדל להיות סבלני גם כשאנשים טועים,Agreeableness,False
אני נוטה להיות מאורגן בחיי היומיום,Conscientiousness,False
אני תמיד מקפיד על הגעה לפגישות 5 דקות לפני הזמן.,Conscientiousness,FALSE
אני מאמין שכל אדם דואג רק לעצמו בסופו של דבר.,Honesty-Humility,TRUE
אני אוהב לפגוש אנשים עם דעות שונות משלי,Extraversion,False
אני מרגיש מלא אנרגיה כשאני עובד בצוות עם אנשים נוספים.,Extraversion,FALSE
אני תמיד מחזיר חובות בדיוק בזמן שסיכמנו.,Honesty-Humility,FALSE
אני נוטה לתכנן את עבודתי בצורה מפורטת,Conscientiousness,False
אני נוטה לדאוג הרבה לגבי העתיד,Emotionality,True
אני מרגיש שמגיע לי יחס מועדף כשאני עומד בתור ארוך.,Honesty-Humility,TRUE
אני מוצא את עצמי חושב על מה היה קורה אילו, לגבי טעויות מהעבר.,Emotionality,FALSE
אני נוטה להזדהות עם אנשים שחווים כאב,Emotionality,False
אני נהנה לבקר במקומות חדשים שמעולם לא הייתי בהם קודם.,Openness to Experience,FALSE
אני מוצא עניין רב בלימוד שיטות טיפול חדשניות ולא שגרתיות.,Openness to Experience,FALSE
אני מרגיש בנוח לקבל משוב מאחרים,Agreeableness,False
אני לעולם לא אשתמש בסמכות שלי כדי להשפיל מישהו מתחתיי בדרגה.,Honesty-Humility,FALSE
אני מרגיש לעיתים קרובות רגשות עזים,Emotionality,False
אני נוטה להרגיש פחד כשאני צריך לעבור הליך רפואי פולשני.,Emotionality,FALSE
אני תמיד עומד במילה שלי, גם אם זה לא נוח לי.,Conscientiousness,FALSE
אני נוטה להרגיש חוסר ביטחון כשאני צריך לקבל החלטה ללא ליווי מקצועי.,Emotionality,FALSE
אני מרגיש נוח כשאני צריך להציג את עצמי,Extraversion,False
אני נהנה לדבר עם אנשים זרים בזמן המתנה בתור.,Extraversion,FALSE
אני נוטה להרגיש אשמה אם אני לא מספיק לעזור לכל מי שפנה אליי.,Agreeableness,FALSE
אני אוהב ללמוד על תחומי אמנות,Openness,False
אני נהנה לנסות לפתור בעיות מתמטיות מורכבות רק בשביל האתגר.,Openness to Experience,FALSE
אני תמיד בודק את המקורות של המידע שאני קורא באינטרנט.,Conscientiousness,FALSE
אני נוטה לבדוק את עבודתי פעמיים לפני הגשה,Conscientiousness,False
אני תמיד מוודא שכל המשימות שלי רשומות ביומן מסודר.,Conscientiousness,FALSE
אני מרגיש נוח לעבוד עם אנשים ממגוון רקעים,Agreeableness,False
אני מרגיש סיפוק כשאני נבחר להוביל פרויקט מחלקתי חדש.,Extraversion,FALSE
אני נוטה להיפגע בקלות מהערות סרקסטיות של חברים.,Emotionality,FALSE
אני נהנה להוביל את צוות העבודה שלי במצבי לחץ ואי-ודאות.,Extraversion,FALSE
אני מרגיש שכל הצלחה שלי היא תוצאה של עבודת צוות ולא רק שלי.,Honesty-Humility,FALSE
אני נוטה לעקוב אחרי מצב המטופלים שלי גם בימי החופש שלי.,Conscientiousness,FALSE
קל לי מאוד להבין ולסלוח לאנשים שטועים.,Agreeableness,FALSE
אני מוצא את עצמי חושב על המקרים הרפואיים שראיתי גם כשאני בבית.,Emotionality,FALSE
אני נהנה להוביל שיחות בקבוצות גדולות של אנשים.,Extraversion,FALSE
אני נוטה להעדיף סביבה שקטה ומסודרת שבה הכל ידוע מראש.,Conscientiousness,FALSE
אני עושה את מינימום העבודה שנדרשת כדי לצאת ידי חובה.,Conscientiousness,TRUE
אני סקרן לגבי דברים שאני לא מבין,Openness,False
אני חושב שצניעות היא תכונה שמוערכת יתר על המידה בחברה שלנו.,Honesty-Humility,TRUE
אני חושב שזה בזבוז זמן לנסות להבין אמנות מופשטת.,Openness to Experience,TRUE
אני משתדל להימנע מעימותים עם אחרים,Agreeableness,False
אני מרגיש חוסר ביטחון כשאני צריך לבצע משימה בפעם הראשונה.,Emotionality,FALSE
אני נהנה לפרק מכשירים חשמליים כדי לראות איך הם בנויים.,Openness to Experience,FALSE
אני חושב שזה חשוב להעריך את הגיוון הביולוגי שיש בעולם.,Openness to Experience,FALSE
אני לעולם לא אסתיר מידע חשוב מהצוות כדי להיראות טוב יותר.,Honesty-Humility,FALSE
אני מוכן לעזור לאנשים גם אם הם לא מבקשים,Agreeableness,False
אני נוטה להיות קפדן עם פרטים קטנים,Conscientiousness,False
אני לא משתמש בתחמונים כדי להשיג את מבוקשי,Honesty-Humility,False
אני תמיד מחפש דרכים להפוך את העבודה שלי למקצועית יותר.,Conscientiousness,FALSE
אני נהנה לקרוא על פיתוחים חדשים בתחום המחשוב והבינה המלאכותית.,Openness to Experience,FALSE
כאשר עובדים, לפעמים יש לי קשיים בשל היותי לא מאורגן.,Conscientiousness,TRUE
אני משתדל להיות הוגן גם כשאני כועס,Agreeableness,False
אני נוטה להתווכח עם אנשים שמעבירים ביקורת על דעותיי המקצועיות.,Agreeableness,TRUE
אני נלחץ מאוד כשאני צריך לבצע משימה תחת צפייה של אחרים.,Emotionality,FALSE
אני מוצא את זה קשה להישאר סבלני עם אנשים שלא מבינים הסברים פשוטים.,Agreeableness,TRUE
אני נוטה להרגיש פחד במצבים לא צפויים,Emotionality,True
אני מרגיש לא בנוח כשאני משאיר משימות לא גמורות,Conscientiousness,True
אני נוטה להימנע מעימותים גם כשאני צודק,Agreeableness,False
אני תמיד מנסה להרחיב את המעגל החברתי שלי בעבודה.,Extraversion,FALSE
אני נוטה להרגיש פחד מפני מחלות קשות, גם אם אין סימנים לכך.,Emotionality,FALSE
אני נוטה להיות פעיל מאוד בדיוני קבוצת הוואטסאפ המקצועית.,Extraversion,FALSE
אני נהנה להיות זה שמדריך את הסטודנטים החדשים במחלקה.,Extraversion,FALSE
אני נהנה לפרק דברים לחלקים כדי להבין איך הם עובדים.,Openness to Experience,FALSE
אני מעדיף להימנע מעימותים ישירים בכל מחיר.,Agreeableness,FALSE
אני אוהב להשתתף באירועים ציבוריים,Extraversion,False
אני דואג לגבי דברים שאולי יקרו בעתיד הרחוק.,Emotionality,FALSE
אני נהנה לקרוא על פריצות דרך בתחום חקר החלל.,Openness to Experience,FALSE
אני מוכן לקבל ביקורת מאחרים,Agreeableness,False
אני מרגיש חסר סבלנות כשאנשים מסביבי מתלוננים על בעיות קטנות.,Agreeableness,TRUE
כאשר אני סובל מחוויה מכאיבה, אני צריך מישהו שיגרום לי להרגיש בנוח.,Emotionality,FALSE
אני חושב שזה לגיטימי להשתמש בחנופה כדי להשיג את מה שרוצים מאנשים בעלי כוח.,Honesty-Humility,TRUE
אני מרגיש נוח לשתף פעולה עם אחרים,Agreeableness,False
אני תמיד מחפש דרכים לשלב אמנות ועיצוב בחיי היומיום שלי.,Openness to Experience,FALSE
אני מרגיש דאגה עמוקה כשאני יודע שמטופל שלי סובל מכאבים.,Emotionality,FALSE
קשה לי מאוד לקבל ביקורת מאנשים שצעירים ממני.,Agreeableness,TRUE
אני נהנה להיות המנהיג באירועים,Extraversion,False
אני נהנה לדון בנושאים תרבותיים,Openness,False
אני מאמין שחובתו של רופא היא להישאר מעודכן בטכנולוגיות החדשות ביותר.,Conscientiousness,FALSE
אני מרגיש בנוח להציג את דעותיי גם כשהן מנוגדות לדעת הרוב.,Extraversion,FALSE
אני תמיד מוודא שכל המידע שבידי מעודכן ורלוונטי.,Conscientiousness,FALSE
אני נהנה לקרוא ביוגרפיות של אנשים שהשפיעו על ההיסטוריה.,Openness to Experience,FALSE
אני מרגיש בנוח לבטא את הרגשות שלי מול אנשים אחרים.,Extraversion,FALSE
אני נוטה לעבוד בצורה יעילה ומאורגנת,Conscientiousness,False
אני חושב שדמיון חשוב לא פחות מהיגיון.,Openness to Experience,FALSE
אני נוטה להרגיש עצב כשאני חושב על העבר,Emotionality,False
אני תמיד מחפש איך לשפר את האווירה בצוות שלי.,Agreeableness,FALSE
אני לא מרגיש צורך להיות במרכז תשומת הלב,Honesty-Humility,False
אני מרגיש בנוח להנחות ישיבות צוות מורכבות.,Extraversion,FALSE
אני מרגיש עצב כשאני חושב על אובדן,Emotionality,False
אני נוטה להרגיש אשמה כבדה גם על טעויות קטנות שעשיתי.,Emotionality,FALSE
אני נהנה ללמוד דברים חדשים,Openness,False
אני תמיד בודק שסיכום המחלה כתוב בכתב ברור וקריא לכולם.,Conscientiousness,FALSE
אני נהנה ללמוד על ההיסטוריה של המדע.,Openness to Experience,FALSE
אני מרגיש נוח לעבוד בצוות עם אנשים שונים,Agreeableness,False
אני נוטה להבליג על הערות פוגעניות כדי לא להרוס את הערב.,Agreeableness,FALSE
אני מרגיש שאני אדם לא פופולארי.,Extraversion,TRUE
אני נהנה להיות זה שמקבל את ההחלטות הקשות בקבוצה.,Extraversion,FALSE
כשאני נתקל במושג חדש שאני לא מכיר, אני מיד מחפש עליו מידע.,Openness to Experience,FALSE
אני נהנה לקחת אחריות על מקרים מורכבים שאחרים חוששים מהם.,Extraversion,FALSE
אני חושב שלכל אדם יש מחיר ושזה רק עניין של סכום הכסף.,Honesty-Humility,TRUE
אני לעולם לא אקבל קרדיט על עבודה שסטודנט שלי ביצע.,Honesty-Humility,FALSE
אני מרגיש משיכה ליצירתיות באמנות,Openness,False
אני אוהב משחקי דמיון.,Openness to Experience,FALSE
אני מרגיש אנרגיה כשאני נמצא במסיבה,Extraversion,False
אני מרגיש נוח כשאני צריך לשכנע אחרים,Extraversion,False
אני נוטה לדאוג מאוד לגבי המוניטין המקצועי שלי.,Emotionality,FALSE
אני נוטה להרגיש חרדה כשאני לבד,Emotionality,True
אני מרגיש פחד כשאני חושב על אי ודאות,Emotionality,True
אני מרגיש רגוע גם כשאני נמצא בסביבה רועשת ועמוסה.,Emotionality,TRUE
אני נהנה לדון ברעיונות פילוסופיים,Openness,False
אני תמיד מתכנן את ההוצאות הכספיות שלי בקפידה.,Conscientiousness,FALSE
אני מוצא את זה קשה להודות בטעות מול אנשים שמעריכים אותי.,Honesty-Humility,TRUE
אני מרגיש צורך לבדוק שהכל נעשה כראוי,Conscientiousness,False
אני נהנה לחשוב על רעיונות תיאורטיים גם אם אין להם יישום מעשי.,Openness to Experience,FALSE
אני מעדיף לקרוא ספרי עיון מאשר ספרי עלילה או פנטזיה.,Openness to Experience,FALSE
אני מרגיש צורך לסיים משימות לפני שאני עובר הלאה,Conscientiousness,False
אני חושב שזה לגיטימי להשתמש בקיצורי דרך כדי לסיים עבודה מהר יותר.,Honesty-Humility,TRUE
אני נוטה להימנע מלהרים את הקול בוויכוחים,Agreeableness,False
אני נהנה ללמוד על תחומים לא מוכרים,Openness,False
אני תמיד משתדל להיות ישר עם עצמי לגבי היכולות שלי.,Honesty-Humility,FALSE
כשמדובר בסכנה פיזית, אני מאוד חושש.,Emotionality,FALSE
אני נוטה להכין רשימת ציוד מפורטת לפני כל הליך רפואי.,Conscientiousness,FALSE
אני מרגיש משיכה לחוויות לא שגרתיות,Openness,False
אני נוטה להרגיש חרדה כשאני צריך להתמודד עם בירוקרטיה מסובכת.,Emotionality,FALSE
אני מאמין שצניעות היא התכונה החשובה ביותר עבור מטפל.,Honesty-Humility,FALSE
אני מרגיש רגוע ושלו גם כשהסביבה שלי נמצאת במתח גבוה.,Emotionality,TRUE
אני בודק את המיילים שלי בצורה מסודרת כמה פעמים ביום.,Conscientiousness,FALSE
אני נוטה לתת אמון מלא באנשים שעובדים איתי עד שיוכח אחרת.,Agreeableness,FALSE
אני חושב שזה חשוב להעריך את היופי שבפרטים הקטנים של הטבע.,Openness to Experience,FALSE
אני מרגיש מתח כשאני צריך לקבל החלטות חשובות,Emotionality,True
אני משתדל להיות סבלני כלפי אחרים,Agreeableness,False
אני נוטה להעדיף סדר וניקיון קיצוניים בסביבת המגורים שלי.,Conscientiousness,FALSE
אני מרגיש אנרגיה כשאני משתף רעיונות,Extraversion,False
אני מעדיף מקומות עבודה שכוללים אינטראקציה חברתית פעילה.,Extraversion,FALSE
אני נוטה להרגיש חוסר נוחות כשמחמיאים לי מול אנשים אחרים.,Extraversion,TRUE
אני נשאר רגוע לחלוטין גם כשאני נמצא בסיטואציה חברתית מתוחה.,Emotionality,TRUE
אני נוטה להשקיע יותר מאמץ בעבודה כשמישהו צופה בי.,Conscientiousness,TRUE
אני מרגיש רגש עז של חמלה כשאני רואה אדם קשיש שמתקשה ללכת.,Emotionality,FALSE
אני תמיד מעדיף לומר את האמת הקשה מאשר להבטיח הבטחות שווא.,Honesty-Humility,FALSE
אני תמיד משתדל להיות כנה עם עצמי ועם אחרים,Honesty-Humility,False
אני נוטה להיבהל כשאני נתקל במקרה חירום רפואי לא צפוי.,Emotionality,FALSE
אני מרגיש סיפוק רב כשאני מצליח לפתור קונפליקט בין שני חברים.,Agreeableness,FALSE
גם במצב חירום אני לא נכנס לפאניקה.,Emotionality,TRUE
אני מרגיש צורך להגן על אנשים חלשים,Emotionality,False
אני נוטה להיות האדם השקט ביותר בחדר מלא באנשים.,Extraversion,TRUE
אני חושב שצניעות היא תכונה חיונית עבור כל איש מקצוע.,Honesty-Humility,FALSE
אני לעולם לא אציג נתונים מחקריים בצורה מטעה כדי להוכיח טענה.,Honesty-Humility,FALSE
אני חושב שחשוב מאוד לפתח חשיבה ביקורתית כלפי כל מידע שמקבלים.,Openness to Experience,FALSE
אני תמיד מוודא שכל המטלות שקיבלתי בוצעו עד הפרט האחרון.,Conscientiousness,FALSE
אני נהנה לשאת דברים באירועים חברתיים של הצוות הרפואי.,Extraversion,FALSE
אני מרגיש בנוח להיות הראשון שמתחיל לדבר בחדר מלא זרים.,Extraversion,FALSE
אני תמיד משתדל להיות כנה גם במצבים קשים,Honesty-Humility,False
אני תמיד משתדל להיות סבלני עם ילדים או קשישים.,Agreeableness,FALSE
אני לא משתמש בתחבולות כדי להשיג את מטרותיי,Honesty-Humility,False
אני מרגיש אחריות לדאוג לרווחתם של האנשים שעובדים איתי.,Emotionality,FALSE
אני נשאר רגוע כשאנשים מבקרים את העבודה שלי.,Agreeableness,FALSE
אני מרגיש רע אם אני צריך להגיד למישהו לא.,Agreeableness,FALSE
אני דואג מאוד לגבי מה שיחשבו עליי אם אעשה טעות מטופשת.,Emotionality,FALSE
אני נהנה להשתתף בדיונים ציבוריים,Extraversion,False
אני מרגיש רגוע יותר כשיש לידיי מישהו שאני סומך עליו במצבי לחץ.,Emotionality,FALSE
אני תמיד משתדל להיות שקוף במעשיי,Honesty-Humility,False
אני מוכן לעזור לאנשים גם אם הם לא מחזירים טובה,Agreeableness,False
אני תמיד מנסה לעשות מעבר למה שנדרש ממני בעבודה.,Conscientiousness,FALSE
אני מרגיש לא בנוח כשאני לא עומד בציפיות,Conscientiousness,True
אני מרגיש לעיתים קרובות צורך בנחמה,Emotionality,False
אני מרגיש בנוח לשתף פעולה עם אחרים,Agreeableness,False
אני סקרן לגבי העולם סביבי,Openness,False
אני לא מנסה להשיג דברים על ידי שימוש בכוח,Honesty-Humility,False
אני סקרן לגבי איך דברים עובדים,Openness,False
אני מרגיש סיפוק רב כשאני מצליח לעזור לאדם להתגבר על פחד.,Emotionality,FALSE
אני חושב שיושרה מקצועית חשובה יותר מלהיות אהוב על כולם.,Honesty-Humility,FALSE
אני מוצא את זה משעמם לקרוא הוראות הפעלה לפני שאני משתמש במכשיר חדש.,Conscientiousness,TRUE
אני נוטה להימנע משיפוטיות כלפי אחרים,Agreeableness,False
אני נוטה להבליג על טעויות קטנות של אחרים כדי לא לפגוע בביטחונם.,Agreeableness,FALSE
אני נהנה להשתתף בדיונים אינטלקטואליים שמעוררים מחשבה.,Openness to Experience,FALSE
אני מאמין שכל אדם צריך לקבל הזדמנות שנייה, לא משנה מה עשה.,Agreeableness,FALSE
אני מרגיש בטוח ביכולת שלי להרגיע מטופל לחוץ רק בעזרת שיחה.,Extraversion,FALSE
אני מרגיש משיכה לאמנות מודרנית,Openness,False
אני מרגיש מחויבות מוסרית לעזור לאנשים שפחות מזלם משלי.,Honesty-Humility,FALSE
היחס שלי לאנשים שהתייחסו אליי רע הוא לסלוח ולשכוח.,Agreeableness,FALSE
אני חושב שזה בזבוז זמן לקרוא ספרים על פילוסופיה או תיאוריות.,Openness to Experience,TRUE
אני מרגיש שמח כשאני נמצא עם חברים קרובים,Extraversion,False
אני נהנה לחקור נושאים לעומק עד שאני מבין כל פרט קטן.,Openness to Experience,FALSE
אני חושב שחשוב מאוד להיחשף לסוגים שונים של מוזיקה מרחבי העולם.,Openness to Experience,FALSE
אני מוצא את זה קל להתחבר לאנשים חדשים במפגשים חברתיים.,Extraversion,FALSE
אני חושב שרוב האמנות המודרנית היא חסרת משמעות.,Openness to Experience,TRUE
אני חושב שזה בסדר לקחת קרדיט על עבודה קבוצתית אם אני הייתי המוביל.,Honesty-Humility,TRUE
אני מרגיש צורך בתמיכה רגשית מהמשפחה שלי כשאני נכשל במשהו.,Emotionality,FALSE
אני תמיד מגיע לפגישות כמה דקות לפני הזמן.,Conscientiousness,FALSE
אני נהנה ללמוד על שיטות חקירה משטרתיות ומדעי הפורנזיקה.,Openness to Experience,FALSE
אני תמיד בודק שהמסמכים שלי מאורגנים בתיקיות מסודרות.,Conscientiousness,FALSE
אני נוטה לדאוג לגבי ההשפעה של המעשים שלי על אחרים.,Emotionality,FALSE
אני חושב שלהקדיש תשומת לב לרעיונות רדיקליים זה בזבוז הזמן.,Openness to Experience,TRUE
אני תמיד מוודא שכל המדדים נרשמו בדיוק בזמן אמת.,Conscientiousness,FALSE
אני נהנה לחשוב על הקשרים שבין מדע לפילוסופיה.,Openness to Experience,FALSE
אני נוטה להיות מאוד ביקורתי כלפי עצמי כשאני נכשל.,Emotionality,FALSE
רוב האנשים נוטים לכעוס במהירות רבה יותר ממני.,Agreeableness,FALSE
אני מרגיש רע מאוד כשאני מאחר לפגישה, אפילו בכמה דקות.,Conscientiousness,FALSE
אני נוטה להרגיש חרדה אם אני לא מקבל תשובה להודעה חשובה תוך זמן קצר.,Emotionality,FALSE
אני מרגיש חרדה כשאני צריך להתמודד עם ביקורת,Emotionality,True
אני נוטה להסתגר בעצמי כשיש עומס עבודה גדול מדי במחלקה.,Extraversion,TRUE
אני נוטה להיכנס לפאניקה כשאני הולך לאיבוד במקום לא מוכר.,Emotionality,FALSE
אני נהנה לחקור את הקשר בין תזונה לבריאות הנפש.,Openness to Experience,FALSE
אני נהנה לחקור נושאים מדעיים,Openness,False
אני נהנה ללמוד על הדרכים שבהן ניתן להאריך את חיי האדם.,Openness to Experience,FALSE
אני נהנה להכיר אנשים חדשים באירועים חברתיים גדולים.,Extraversion,FALSE
אני תמיד משתדל להיות צודק כלפי כולם,Honesty-Humility,False
אני אוהב לנסות דברים חדשים,Openness,False
אני מוצא את עצמי דואג לבריאות שלי הרבה יותר ממה שאנשים אחרים דואגים.,Emotionality,FALSE
אני נוטה להרגיש אמפתיה כלפי זרים,Emotionality,False
אני נוטה להרגיש פחד כשאני שומע רעשים מוזרים בלילה.,Emotionality,FALSE
אני תמיד משתדל לדבר בשפה מכבדת, גם עם אנשים שלא מכבדים אותי.,Agreeableness,FALSE
אני לא מרגיש צורך להפגין עושר או כוח,Honesty-Humility,False
אני נוטה להגיב באימפולסיביות כשאני כועס.,Agreeableness,TRUE
אני תמיד מוצא נושאי שיחה משותפים עם כל אדם שאני פוגש.,Extraversion,FALSE
אני מרגיש בנוח להביע חרטה כשאני מבין שפגעתי במישהו.,Honesty-Humility,FALSE
אני מרגיש לא בנוח כשמשבחים אותי יותר מדי.,Honesty-Humility,FALSE
אני נוטה ליזום שיחות טלפון עם חברים רחוקים.,Extraversion,FALSE
אני מרגיש מתח כשאני צריך להתמודד עם שינויים,Emotionality,True
אני נוטה להרגיש חרדה כשאני נמצא במקום הומה אדם.,Emotionality,FALSE
אני מפחד לגור במקומות מסוכנים.,Emotionality,FALSE
אני מאמין שכל אדם צריך לפעול קודם כל לטובת האינטרסים שלו.,Honesty-Humility,TRUE
אני נהנה לחקור את האבולוציה של בעלי החיים.,Openness to Experience,FALSE
אני רוצה שאנשים ידעו שאני אדם חשוב ממעמד גבוה.,Honesty-Humility,TRUE
אני נוטה להתווכח על כל פרט קטן כשאני בטוח שאני צודק.,Agreeableness,TRUE
אני מרגיש בנוח לקחת הובלה כשלאף אחד אחר אין מושג מה לעשות.,Extraversion,FALSE
אני תמיד מוודא שהמפתחות שלי נמצאים באותו מקום קבוע.,Conscientiousness,FALSE
